数据年月,商品编码,商品名称,贸易伙伴编码,贸易伙伴名称,美元
202608,1,第1章   活动物,107,柬埔寨,16838250.0
202608,1,第1章   活动物,302,丹麦,2065524.0
202608,1,第1章   活动物,609,新西兰,477820.0
202608,2,第2章   肉及食用杂碎,302,丹麦,19898794.0
202608,2,第2章   肉及食用杂碎,311,葡萄牙,1467509.0
202608,2,第2章   肉及食用杂碎,331,瑞士,978814.0
202608,2,第2章   肉及食用杂碎,347,乌克兰,866991.0
202608,2,第2章   肉及食用杂碎,402,阿根廷,186813779.0
202608,2,第2章   肉及食用杂碎,412,智利,22324941.0
202608,2,第2章   肉及食用杂碎,413,哥伦比亚,8270904.0
202608,2,第2章   肉及食用杂碎,432,巴拿马,819602.0
202608,2,第2章   肉及食用杂碎,609,新西兰,96108738.0
202608,3,第3章   鱼、甲壳动物、软体动物及其他水生无脊椎动物,103,孟加拉国,7610667.0
202608,3,第3章   鱼、甲壳动物、软体动物及其他水生无脊椎动物,105,文莱,16315.0
202608,3,第3章   鱼、甲壳动物、软体动物及其他水生无脊椎动物,106,缅甸,16467905.0
202608,3,第3章   鱼、甲壳动物、软体动物及其他水生无脊椎动物,107,柬埔寨,32414.0
202608,3,第3章   鱼、甲壳动物、软体动物及其他水生无脊椎动物,134,斯里兰卡,752405.0
202608,3,第3章   鱼、甲壳动物、软体动物及其他水生无脊椎动物,215,埃及,11724.0
202608,3,第3章   鱼、甲壳动物、软体动物及其他水生无脊椎动物,232,摩洛哥,252135.0
202608,3,第3章   鱼、甲壳动物、软体动物及其他水生无脊椎动物,247,坦桑尼亚,2967563.0
202608,3,第3章   鱼、甲壳动物、软体动物及其他水生无脊椎动物,302,丹麦,3181712.0
202608,3,第3章   鱼、甲壳动物、软体动物及其他水生无脊椎动物,311,葡萄牙,5032716.0
202608,3,第3章   鱼、甲壳动物、软体动物及其他水生无脊椎动物,322,冰岛,25502499.0
202608,3,第3章   鱼、甲壳动物、软体动物及其他水生无脊椎动物,334,爱沙尼亚,4277733.0
202608,3,第3章   鱼、甲壳动物、软体动物及其他水生无脊椎动物,335,拉脱维亚,1832607.0
202608,3,第3章   鱼、甲壳动物、软体动物及其他水生无脊椎动物,402,阿根廷,17798909.0
202608,3,第3章   鱼、甲壳动物、软体动物及其他水生无脊椎动物,412,智利,31466248.0
202608,3,第3章   鱼、甲壳动物、软体动物及其他水生无脊椎动物,413,哥伦比亚,47236.0
202608,3,第3章   鱼、甲壳动物、软体动物及其他水生无脊椎动物,419,厄瓜多尔,323343216.0
202608,3,第3章   鱼、甲壳动物、软体动物及其他水生无脊椎动物,426,洪都拉斯,139863.0
202608,3,第3章   鱼、甲壳动物、软体动物及其他水生无脊椎动物,432,巴拿马,294792.0
202608,3,第3章   鱼、甲壳动物、软体动物及其他水生无脊椎动物,434,秘鲁,82517725.0
202608,3,第3章   鱼、甲壳动物、软体动物及其他水生无脊椎动物,445,委内瑞拉,206752.0
202608,3,第3章   鱼、甲壳动物、软体动物及其他水生无脊椎动物,602,库克群岛,600053.0
202608,3,第3章   鱼、甲壳动物、软体动物及其他水生无脊椎动物,608,瓦努阿图,1095883.0
202608,3,第3章   鱼、甲壳动物、软体动物及其他水生无脊椎动物,609,新西兰,34512096.0
202608,3,第3章   鱼、甲壳动物、软体动物及其他水生无脊椎动物,611,巴布亚新几内亚,474130.0
202608,4,第4章   乳品；蛋品；天然蜂蜜；其他食用动物产品,302,丹麦,8167100.0
202608,4,第4章   乳品；蛋品；天然蜂蜜；其他食用动物产品,330,瑞典,244443.0
202608,4,第4章   乳品；蛋品；天然蜂蜜；其他食用动物产品,331,瑞士,2520319.0
202608,4,第4章   乳品；蛋品；天然蜂蜜；其他食用动物产品,334,爱沙尼亚,27716.0
202608,4,第4章   乳品；蛋品；天然蜂蜜；其他食用动物产品,335,拉脱维亚,22918.0
202608,4,第4章   乳品；蛋品；天然蜂蜜；其他食用动物产品,347,乌克兰,889387.0
202608,4,第4章   乳品；蛋品；天然蜂蜜；其他食用动物产品,352,捷克,153168.0
202608,4,第4章   乳品；蛋品；天然蜂蜜；其他食用动物产品,402,阿根廷,6399431.0
202608,4,第4章   乳品；蛋品；天然蜂蜜；其他食用动物产品,412,智利,400000.0
202608,4,第4章   乳品；蛋品；天然蜂蜜；其他食用动物产品,609,新西兰,240554855.0
202608,5,第5章   其他动物产品,103,孟加拉国,248556.0
202608,5,第5章   其他动物产品,106,缅甸,298677.0
202608,5,第5章   其他动物产品,146,吉尔吉斯斯坦,10708.0
202608,5,第5章   其他动物产品,215,埃及,90683.0
202608,5,第5章   其他动物产品,232,摩洛哥,42414.0
202608,5,第5章   其他动物产品,236,尼日利亚,222638.0
202608,5,第5章   其他动物产品,302,丹麦,1294898.0
202608,5,第5章   其他动物产品,331,瑞士,677.0
202608,5,第5章   其他动物产品,347,乌克兰,335844.0
202608,5,第5章   其他动物产品,402,阿根廷,20766.0
202608,5,第5章   其他动物产品,609,新西兰,10796124.0
202608,5,第5章   其他动物产品,613,所罗门群岛,15093.0
202608,5,第5章   其他动物产品,623,法属波利尼西亚,80629.0
202608,6,第6章   活树及其他活植物；鳞茎、根及类似品；插花及装饰用簇叶,106,缅甸,25774.0
202608,6,第6章   活树及其他活植物；鳞茎、根及类似品；插花及装饰用簇叶,115,以色列,51884.0
202608,6,第6章   活树及其他活植物；鳞茎、根及类似品；插花及装饰用簇叶,215,埃及,2381.0
202608,6,第6章   活树及其他活植物；鳞茎、根及类似品；插花及装饰用簇叶,232,摩洛哥,22203.0
202608,6,第6章   活树及其他活植物；鳞茎、根及类似品；插花及装饰用簇叶,247,坦桑尼亚,53740.0
202608,6,第6章   活树及其他活植物；鳞茎、根及类似品；插花及装饰用簇叶,311,葡萄牙,7006.0
202608,6,第6章   活树及其他活植物；鳞茎、根及类似品；插花及装饰用簇叶,412,智利,50979.0
202608,6,第6章   活树及其他活植物；鳞茎、根及类似品；插花及装饰用簇叶,413,哥伦比亚,395632.0
202608,6,第6章   活树及其他活植物；鳞茎、根及类似品；插花及装饰用簇叶,419,厄瓜多尔,574805.0
202608,6,第6章   活树及其他活植物；鳞茎、根及类似品；插花及装饰用簇叶,423,危地马拉,10880.0
202608,6,第6章   活树及其他活植物；鳞茎、根及类似品；插花及装饰用簇叶,434,秘鲁,860525.0
202608,6,第6章   活树及其他活植物；鳞茎、根及类似品；插花及装饰用簇叶,609,新西兰,241054.0
202608,7,第7章   食用蔬菜、根及块茎,106,缅甸,21065533.0
202608,7,第7章   食用蔬菜、根及块茎,107,柬埔寨,3044838.0
202608,7,第7章   食用蔬菜、根及块茎,215,埃及,53124.0
202608,7,第7章   食用蔬菜、根及块茎,236,尼日利亚,155717.0
202608,7,第7章   食用蔬菜、根及块茎,402,阿根廷,571765.0
202608,7,第7章   食用蔬菜、根及块茎,419,厄瓜多尔,99879.0
202608,7,第7章   食用蔬菜、根及块茎,609,新西兰,938699.0
202608,8,第8章   食用水果及坚果；甜瓜或柑橘属水果的果皮,101,阿富汗,31674.0
202608,8,第8章   食用水果及坚果；甜瓜或柑橘属水果的果皮,106,缅甸,1319707.0
202608,8,第8章   食用水果及坚果；甜瓜或柑橘属水果的果皮,107,柬埔寨,22498797.0
202608,8,第8章   食用水果及坚果；甜瓜或柑橘属水果的果皮,134,斯里兰卡,36635.0
202608,8,第8章   食用水果及坚果；甜瓜或柑橘属水果的果皮,215,埃及,23383284.0
202608,8,第8章   食用水果及坚果；甜瓜或柑橘属水果的果皮,228,马拉维,65000.0
202608,8,第8章   食用水果及坚果；甜瓜或柑橘属水果的果皮,247,坦桑尼亚,789231.0
202608,8,第8章   食用水果及坚果；甜瓜或柑橘属水果的果皮,402,阿根廷,721943.0
202608,8,第8章   食用水果及坚果；甜瓜或柑橘属水果的果皮,412,智利,17260413.0
202608,8,第8章   食用水果及坚果；甜瓜或柑橘属水果的果皮,419,厄瓜多尔,19652738.0
202608,8,第8章   食用水果及坚果；甜瓜或柑橘属水果的果皮,434,秘鲁,38460087.0
202608,8,第8章   食用水果及坚果；甜瓜或柑橘属水果的果皮,609,新西兰,129181708.0
202608,9,第9章   咖啡、茶、马黛茶及调味香料,106,缅甸,2723041.0
202608,9,第9章   咖啡、茶、马黛茶及调味香料,107,柬埔寨,155875.0
202608,9,第9章   咖啡、茶、马黛茶及调味香料,121,中国澳门,14683.0
202608,9,第9章   咖啡、茶、马黛茶及调味香料,134,斯里兰卡,4168446.0
202608,9,第9章   咖啡、茶、马黛茶及调味香料,144,东帝汶,564.0
202608,9,第9章   咖啡、茶、马黛茶及调味香料,201,阿尔及利亚,197.0
202608,9,第9章   咖啡、茶、马黛茶及调味香料,215,埃及,1437264.0
202608,9,第9章   咖啡、茶、马黛茶及调味香料,228,马拉维,161924.0
202608,9,第9章   咖啡、茶、马黛茶及调味香料,232,摩洛哥,8012.0
202608,9,第9章   咖啡、茶、马黛茶及调味香料,238,卢旺达,983834.0
202608,9,第9章   咖啡、茶、马黛茶及调味香料,247,坦桑尼亚,614221.0
202608,9,第9章   咖啡、茶、马黛茶及调味香料,302,丹麦,2106.0
202608,9,第9章   咖啡、茶、马黛茶及调味香料,311,葡萄牙,24436.0
202608,9,第9章   咖啡、茶、马黛茶及调味香料,330,瑞典,1445.0
202608,9,第9章   咖啡、茶、马黛茶及调味香料,331,瑞士,2083812.0
202608,9,第9章   咖啡、茶、马黛茶及调味香料,402,阿根廷,106425.0
202608,9,第9章   咖啡、茶、马黛茶及调味香料,413,哥伦比亚,4035116.0
202608,9,第9章   咖啡、茶、马黛茶及调味香料,419,厄瓜多尔,43092.0
202608,9,第9章   咖啡、茶、马黛茶及调味香料,426,洪都拉斯,467568.0
202608,9,第9章   咖啡、茶、马黛茶及调味香料,432,巴拿马,1531452.0
202608,9,第9章   咖啡、茶、马黛茶及调味香料,434,秘鲁,321997.0
202608,9,第9章   咖啡、茶、马黛茶及调味香料,609,新西兰,5782.0
202608,9,第9章   咖啡、茶、马黛茶及调味香料,611,巴布亚新几内亚,2001671.0
202608,10,第10章  谷物,106,缅甸,8740321.0
202608,10,第10章  谷物,107,柬埔寨,1106156.0
202608,10,第10章  谷物,131,沙特阿拉伯,402.0
202608,10,第10章  谷物,302,丹麦,959857.0
202608,10,第10章  谷物,402,阿根廷,145291764.0
202608,10,第10章  谷物,434,秘鲁,489294.0
202608,11,第11章  制粉工业产品；麦芽；淀粉；菊粉；面筋,107,柬埔寨,1001441.0
202608,11,第11章  制粉工业产品；麦芽；淀粉；菊粉；面筋,302,丹麦,251086.0
202608,11,第11章  制粉工业产品；麦芽；淀粉；菊粉；面筋,347,乌克兰,649200.0
202608,11,第11章  制粉工业产品；麦芽；淀粉；菊粉；面筋,412,智利,733456.0
202608,11,第11章  制粉工业产品；麦芽；淀粉；菊粉；面筋,609,新西兰,9020.0
202608,12,第12章  含油子仁及果实；杂项子仁及果仁；工业用或药用植物；稻草、秸秆及饲料,103,孟加拉国,1646079.0
202608,12,第12章  含油子仁及果实；杂项子仁及果仁；工业用或药用植物；稻草、秸秆及饲料,106,缅甸,22868978.0
202608,12,第12章  含油子仁及果实；杂项子仁及果仁；工业用或药用植物；稻草、秸秆及饲料,115,以色列,590788.0
202608,12,第12章  含油子仁及果实；杂项子仁及果仁；工业用或药用植物；稻草、秸秆及饲料,134,斯里兰卡,31263.0
202608,12,第12章  含油子仁及果实；杂项子仁及果仁；工业用或药用植物；稻草、秸秆及饲料,144,东帝汶,756000.0
202608,12,第12章  含油子仁及果实；杂项子仁及果仁；工业用或药用植物；稻草、秸秆及饲料,215,埃及,88498.0
202608,12,第12章  含油子仁及果实；杂项子仁及果仁；工业用或药用植物；稻草、秸秆及饲料,232,摩洛哥,68780.0
202608,12,第12章  含油子仁及果实；杂项子仁及果仁；工业用或药用植物；稻草、秸秆及饲料,236,尼日利亚,1852998.0
202608,12,第12章  含油子仁及果实；杂项子仁及果仁；工业用或药用植物；稻草、秸秆及饲料,246,苏丹,187331.0
202608,12,第12章  含油子仁及果实；杂项子仁及果仁；工业用或药用植物；稻草、秸秆及饲料,247,坦桑尼亚,45110751.0
202608,12,第12章  含油子仁及果实；杂项子仁及果仁；工业用或药用植物；稻草、秸秆及饲料,248,多哥,10984307.0
202608,12,第12章  含油子仁及果实；杂项子仁及果仁；工业用或药用植物；稻草、秸秆及饲料,251,布基纳法索,2728271.0
202608,12,第12章  含油子仁及果实；杂项子仁及果仁；工业用或药用植物；稻草、秸秆及饲料,302,丹麦,3684541.0
202608,12,第12章  含油子仁及果实；杂项子仁及果仁；工业用或药用植物；稻草、秸秆及饲料,347,乌克兰,3412362.0
202608,12,第12章  含油子仁及果实；杂项子仁及果仁；工业用或药用植物；稻草、秸秆及饲料,402,阿根廷,426400596.0
202608,12,第12章  含油子仁及果实；杂项子仁及果仁；工业用或药用植物；稻草、秸秆及饲料,412,智利,19554794.0
202608,12,第12章  含油子仁及果实；杂项子仁及果仁；工业用或药用植物；稻草、秸秆及饲料,423,危地马拉,372056.0
202608,12,第12章  含油子仁及果实；杂项子仁及果仁；工业用或药用植物；稻草、秸秆及饲料,433,巴拉圭,67903.0
202608,12,第12章  含油子仁及果实；杂项子仁及果仁；工业用或药用植物；稻草、秸秆及饲料,434,秘鲁,3701605.0
202608,12,第12章  含油子仁及果实；杂项子仁及果仁；工业用或药用植物；稻草、秸秆及饲料,445,委内瑞拉,269577.0
202608,12,第12章  含油子仁及果实；杂项子仁及果仁；工业用或药用植物；稻草、秸秆及饲料,609,新西兰,1844634.0
202608,12,第12章  含油子仁及果实；杂项子仁及果仁；工业用或药用植物；稻草、秸秆及饲料,611,巴布亚新几内亚,12838.0
202608,12,第12章  含油子仁及果实；杂项子仁及果仁；工业用或药用植物；稻草、秸秆及饲料,613,所罗门群岛,183427.0
202608,13,第13章  虫胶；树胶、树脂及其他植物液、汁,106,缅甸,86325.0
202608,13,第13章  虫胶；树胶、树脂及其他植物液、汁,115,以色列,23600.0
202608,13,第13章  虫胶；树胶、树脂及其他植物液、汁,131,沙特阿拉伯,101.0
202608,13,第13章  虫胶；树胶、树脂及其他植物液、汁,229,马里,21010.0
202608,13,第13章  虫胶；树胶、树脂及其他植物液、汁,232,摩洛哥,1098.0
202608,13,第13章  虫胶；树胶、树脂及其他植物液、汁,236,尼日利亚,76257.0
202608,13,第13章  虫胶；树胶、树脂及其他植物液、汁,247,坦桑尼亚,916160.0
202608,13,第13章  虫胶；树胶、树脂及其他植物液、汁,302,丹麦,1146964.0
202608,13,第13章  虫胶；树胶、树脂及其他植物液、汁,331,瑞士,201242.0
202608,13,第13章  虫胶；树胶、树脂及其他植物液、汁,412,智利,666832.0
202608,13,第13章  虫胶；树胶、树脂及其他植物液、汁,434,秘鲁,217219.0
202608,13,第13章  虫胶；树胶、树脂及其他植物液、汁,603,斐济,25828.0
202608,14,第14章  编结用植物材料；其他植物产品,101,阿富汗,73518.0
202608,14,第14章  编结用植物材料；其他植物产品,106,缅甸,1000592.0
202608,14,第14章  编结用植物材料；其他植物产品,134,斯里兰卡,1169924.0
202608,14,第14章  编结用植物材料；其他植物产品,144,东帝汶,7726.0
202608,14,第14章  编结用植物材料；其他植物产品,146,吉尔吉斯斯坦,75236.0
202608,14,第14章  编结用植物材料；其他植物产品,232,摩洛哥,220666.0
202608,14,第14章  编结用植物材料；其他植物产品,311,葡萄牙,40171.0
202608,14,第14章  编结用植物材料；其他植物产品,412,智利,39879.0
202608,14,第14章  编结用植物材料；其他植物产品,434,秘鲁,3569161.0
202608,14,第14章  编结用植物材料；其他植物产品,609,新西兰,73088.0
202608,14,第14章  编结用植物材料；其他植物产品,611,巴布亚新几内亚,360464.0
202608,15,动、植物或微生物油、脂及其分解产品；精制的食用油脂；动、植物蜡,107,柬埔寨,96.0
202608,15,动、植物或微生物油、脂及其分解产品；精制的食用油脂；动、植物蜡,115,以色列,205475.0
202608,15,动、植物或微生物油、脂及其分解产品；精制的食用油脂；动、植物蜡,131,沙特阿拉伯,5098.0
202608,15,动、植物或微生物油、脂及其分解产品；精制的食用油脂；动、植物蜡,134,斯里兰卡,11699.0
202608,15,动、植物或微生物油、脂及其分解产品；精制的食用油脂；动、植物蜡,215,埃及,8750.0
202608,15,动、植物或微生物油、脂及其分解产品；精制的食用油脂；动、植物蜡,232,摩洛哥,433053.0
202608,15,动、植物或微生物油、脂及其分解产品；精制的食用油脂；动、植物蜡,247,坦桑尼亚,162675.0
202608,15,动、植物或微生物油、脂及其分解产品；精制的食用油脂；动、植物蜡,302,丹麦,496395.0
202608,15,动、植物或微生物油、脂及其分解产品；精制的食用油脂；动、植物蜡,311,葡萄牙,629211.0
202608,15,动、植物或微生物油、脂及其分解产品；精制的食用油脂；动、植物蜡,322,冰岛,92477.0
202608,15,动、植物或微生物油、脂及其分解产品；精制的食用油脂；动、植物蜡,330,瑞典,1321320.0
202608,15,动、植物或微生物油、脂及其分解产品；精制的食用油脂；动、植物蜡,331,瑞士,281358.0
202608,15,动、植物或微生物油、脂及其分解产品；精制的食用油脂；动、植物蜡,347,乌克兰,13120389.0
202608,15,动、植物或微生物油、脂及其分解产品；精制的食用油脂；动、植物蜡,352,捷克,1218.0
202608,15,动、植物或微生物油、脂及其分解产品；精制的食用油脂；动、植物蜡,402,阿根廷,27466915.0
202608,15,动、植物或微生物油、脂及其分解产品；精制的食用油脂；动、植物蜡,412,智利,4420073.0
202608,15,动、植物或微生物油、脂及其分解产品；精制的食用油脂；动、植物蜡,413,哥伦比亚,1047592.0
202608,15,动、植物或微生物油、脂及其分解产品；精制的食用油脂；动、植物蜡,419,厄瓜多尔,464489.0
202608,15,动、植物或微生物油、脂及其分解产品；精制的食用油脂；动、植物蜡,432,巴拿马,23371.0
202608,15,动、植物或微生物油、脂及其分解产品；精制的食用油脂；动、植物蜡,433,巴拉圭,1083045.0
202608,15,动、植物或微生物油、脂及其分解产品；精制的食用油脂；动、植物蜡,434,秘鲁,167.0
202608,15,动、植物或微生物油、脂及其分解产品；精制的食用油脂；动、植物蜡,609,新西兰,5933585.0
202608,16,第16章  肉、鱼、甲壳动物、软体动物及其他水生无脊椎动物、昆虫的制品,106,缅甸,13169.0
202608,16,第16章  肉、鱼、甲壳动物、软体动物及其他水生无脊椎动物、昆虫的制品,121,中国澳门,52707.0
202608,16,第16章  肉、鱼、甲壳动物、软体动物及其他水生无脊椎动物、昆虫的制品,134,斯里兰卡,84252.0
202608,16,第16章  肉、鱼、甲壳动物、软体动物及其他水生无脊椎动物、昆虫的制品,302,丹麦,320514.0
202608,16,第16章  肉、鱼、甲壳动物、软体动物及其他水生无脊椎动物、昆虫的制品,330,瑞典,241238.0
202608,16,第16章  肉、鱼、甲壳动物、软体动物及其他水生无脊椎动物、昆虫的制品,335,拉脱维亚,72077.0
202608,16,第16章  肉、鱼、甲壳动物、软体动物及其他水生无脊椎动物、昆虫的制品,412,智利,271744.0
202608,16,第16章  肉、鱼、甲壳动物、软体动物及其他水生无脊椎动物、昆虫的制品,419,厄瓜多尔,382117.0
202608,16,第16章  肉、鱼、甲壳动物、软体动物及其他水生无脊椎动物、昆虫的制品,434,秘鲁,19081818.0
202608,16,第16章  肉、鱼、甲壳动物、软体动物及其他水生无脊椎动物、昆虫的制品,609,新西兰,28078.0
202608,17,第17章  糖及糖食,106,缅甸,2689171.0
202608,17,第17章  糖及糖食,107,柬埔寨,8816.0
202608,17,第17章  糖及糖食,115,以色列,532579.0
202608,17,第17章  糖及糖食,121,中国澳门,3.0
202608,17,第17章  糖及糖食,134,斯里兰卡,341.0
202608,17,第17章  糖及糖食,302,丹麦,703865.0
202608,17,第17章  糖及糖食,328,罗马尼亚,18421.0
202608,17,第17章  糖及糖食,331,瑞士,1598103.0
202608,17,第17章  糖及糖食,347,乌克兰,724412.0
202608,17,第17章  糖及糖食,352,捷克,23480.0
202608,17,第17章  糖及糖食,412,智利,82078.0
202608,17,第17章  糖及糖食,609,新西兰,242023.0
202608,18,第18章  可可及可可制品,107,柬埔寨,1819360.0
202608,18,第18章  可可及可可制品,236,尼日利亚,69516.0
202608,18,第18章  可可及可可制品,248,多哥,1448448.0
202608,18,第18章  可可及可可制品,329,圣马力诺,60571.0
202608,18,第18章  可可及可可制品,330,瑞典,3067.0
202608,18,第18章  可可及可可制品,331,瑞士,8847888.0
202608,18,第18章  可可及可可制品,334,爱沙尼亚,595177.0
202608,18,第18章  可可及可可制品,335,拉脱维亚,54654.0
202608,18,第18章  可可及可可制品,347,乌克兰,32569.0
202608,18,第18章  可可及可可制品,352,捷克,260446.0
202608,18,第18章  可可及可可制品,353,斯洛伐克,1077.0
202608,18,第18章  可可及可可制品,413,哥伦比亚,55486.0
202608,18,第18章  可可及可可制品,418,多米尼加,32.0
202608,18,第18章  可可及可可制品,419,厄瓜多尔,419716.0
202608,18,第18章  可可及可可制品,434,秘鲁,2406.0
202608,18,第18章  可可及可可制品,445,委内瑞拉,267816.0
202608,18,第18章  可可及可可制品,609,新西兰,16583.0
202608,18,第18章  可可及可可制品,611,巴布亚新几内亚,3040950.0
202608,19,第19章  谷物、粮食粉、淀粉或乳的制品；糕饼点心,103,孟加拉国,76032.0
202608,19,第19章  谷物、粮食粉、淀粉或乳的制品；糕饼点心,106,缅甸,89523.0
202608,19,第19章  谷物、粮食粉、淀粉或乳的制品；糕饼点心,107,柬埔寨,100588.0
202608,19,第19章  谷物、粮食粉、淀粉或乳的制品；糕饼点心,115,以色列,44486.0
202608,19,第19章  谷物、粮食粉、淀粉或乳的制品；糕饼点心,121,中国澳门,699916.0
202608,19,第19章  谷物、粮食粉、淀粉或乳的制品；糕饼点心,131,沙特阿拉伯,24061.0
202608,19,第19章  谷物、粮食粉、淀粉或乳的制品；糕饼点心,201,阿尔及利亚,3615.0
202608,19,第19章  谷物、粮食粉、淀粉或乳的制品；糕饼点心,302,丹麦,2243017.0
202608,19,第19章  谷物、粮食粉、淀粉或乳的制品；糕饼点心,311,葡萄牙,272.0
202608,19,第19章  谷物、粮食粉、淀粉或乳的制品；糕饼点心,328,罗马尼亚,300246.0
202608,19,第19章  谷物、粮食粉、淀粉或乳的制品；糕饼点心,330,瑞典,242522.0
202608,19,第19章  谷物、粮食粉、淀粉或乳的制品；糕饼点心,331,瑞士,13865353.0
202608,19,第19章  谷物、粮食粉、淀粉或乳的制品；糕饼点心,335,拉脱维亚,8139.0
202608,19,第19章  谷物、粮食粉、淀粉或乳的制品；糕饼点心,347,乌克兰,27730.0
202608,19,第19章  谷物、粮食粉、淀粉或乳的制品；糕饼点心,352,捷克,9460.0
202608,19,第19章  谷物、粮食粉、淀粉或乳的制品；糕饼点心,412,智利,282.0
202608,19,第19章  谷物、粮食粉、淀粉或乳的制品；糕饼点心,609,新西兰,146685936.0
202608,20,第20章  蔬菜、水果、坚果或植物其他部分的制品,107,柬埔寨,9248512.0
202608,20,第20章  蔬菜、水果、坚果或植物其他部分的制品,115,以色列,6442741.0
202608,20,第20章  蔬菜、水果、坚果或植物其他部分的制品,134,斯里兰卡,24483.0
202608,20,第20章  蔬菜、水果、坚果或植物其他部分的制品,215,埃及,9258.0
202608,20,第20章  蔬菜、水果、坚果或植物其他部分的制品,302,丹麦,77758.0
202608,20,第20章  蔬菜、水果、坚果或植物其他部分的制品,329,圣马力诺,381985.0
202608,20,第20章  蔬菜、水果、坚果或植物其他部分的制品,330,瑞典,60556.0
202608,20,第20章  蔬菜、水果、坚果或植物其他部分的制品,331,瑞士,92549.0
202608,20,第20章  蔬菜、水果、坚果或植物其他部分的制品,343,摩尔多瓦,1923.0
202608,20,第20章  蔬菜、水果、坚果或植物其他部分的制品,402,阿根廷,2585763.0
202608,20,第20章  蔬菜、水果、坚果或植物其他部分的制品,412,智利,6523167.0
202608,20,第20章  蔬菜、水果、坚果或植物其他部分的制品,413,哥伦比亚,96246.0
202608,20,第20章  蔬菜、水果、坚果或植物其他部分的制品,419,厄瓜多尔,147054.0
202608,20,第20章  蔬菜、水果、坚果或植物其他部分的制品,434,秘鲁,108704.0
202608,20,第20章  蔬菜、水果、坚果或植物其他部分的制品,609,新西兰,1106771.0
202608,21,第21章  杂项食品,103,孟加拉国,331.0
202608,21,第21章  杂项食品,106,缅甸,106759.0
202608,21,第21章  杂项食品,115,以色列,720396.0
202608,21,第21章  杂项食品,121,中国澳门,931775.0
202608,21,第21章  杂项食品,134,斯里兰卡,34637.0
202608,21,第21章  杂项食品,201,阿尔及利亚,203.0
202608,21,第21章  杂项食品,215,埃及,9370.0
202608,21,第21章  杂项食品,232,摩洛哥,3259.0
202608,21,第21章  杂项食品,302,丹麦,1904662.0
202608,21,第21章  杂项食品,311,葡萄牙,66223.0
202608,21,第21章  杂项食品,322,冰岛,174417.0
202608,21,第21章  杂项食品,328,罗马尼亚,40522.0
202608,21,第21章  杂项食品,329,圣马力诺,44993.0
202608,21,第21章  杂项食品,330,瑞典,2281936.0
202608,21,第21章  杂项食品,331,瑞士,16513988.0
202608,21,第21章  杂项食品,334,爱沙尼亚,41656.0
202608,21,第21章  杂项食品,352,捷克,1444362.0
202608,21,第21章  杂项食品,354,北马其顿,1738.0
202608,21,第21章  杂项食品,412,智利,2954.0
202608,21,第21章  杂项食品,413,哥伦比亚,241250.0
202608,21,第21章  杂项食品,419,厄瓜多尔,616391.0
202608,21,第21章  杂项食品,434,秘鲁,1184.0
202608,21,第21章  杂项食品,599,北美洲其他国家(地区),19507.0
202608,21,第21章  杂项食品,603,斐济,959.0
202608,21,第21章  杂项食品,609,新西兰,27979711.0
202608,22,第22章  饮料、酒及醋,101,阿富汗,91.0
202608,22,第22章  饮料、酒及醋,103,孟加拉国,27.0
202608,22,第22章  饮料、酒及醋,106,缅甸,292128.0
202608,22,第22章  饮料、酒及醋,121,中国澳门,501207.0
202608,22,第22章  饮料、酒及醋,131,沙特阿拉伯,27720.0
202608,22,第22章  饮料、酒及醋,134,斯里兰卡,7349.0
202608,22,第22章  饮料、酒及醋,201,阿尔及利亚,249.0
202608,22,第22章  饮料、酒及醋,215,埃及,55533.0
202608,22,第22章  饮料、酒及醋,302,丹麦,461529.0
202608,22,第22章  饮料、酒及醋,311,葡萄牙,983361.0
202608,22,第22章  饮料、酒及醋,322,冰岛,38698.0
202608,22,第22章  饮料、酒及醋,328,罗马尼亚,39541.0
202608,22,第22章  饮料、酒及醋,329,圣马力诺,1608.0
202608,22,第22章  饮料、酒及醋,330,瑞典,1206232.0
202608,22,第22章  饮料、酒及醋,331,瑞士,99514.0
202608,22,第22章  饮料、酒及醋,334,爱沙尼亚,3518.0
202608,22,第22章  饮料、酒及醋,335,拉脱维亚,3793.0
202608,22,第22章  饮料、酒及醋,343,摩尔多瓦,110956.0
202608,22,第22章  饮料、酒及醋,352,捷克,126502.0
202608,22,第22章  饮料、酒及醋,402,阿根廷,798852.0
202608,22,第22章  饮料、酒及醋,412,智利,9914434.0
202608,22,第22章  饮料、酒及醋,413,哥伦比亚,426.0
202608,22,第22章  饮料、酒及醋,416,古巴,24144.0
202608,22,第22章  饮料、酒及醋,432,巴拿马,4189.0
202608,22,第22章  饮料、酒及醋,445,委内瑞拉,470.0
202608,22,第22章  饮料、酒及醋,504,百慕大,29.0
202608,22,第22章  饮料、酒及醋,603,斐济,636324.0
202608,22,第22章  饮料、酒及醋,609,新西兰,10916271.0
202608,23,第23章  食品工业的残渣及废料；配制的动物饲料,106,缅甸,4970425.0
202608,23,第23章  食品工业的残渣及废料；配制的动物饲料,107,柬埔寨,287440.0
202608,23,第23章  食品工业的残渣及废料；配制的动物饲料,134,斯里兰卡,394894.0
202608,23,第23章  食品工业的残渣及废料；配制的动物饲料,215,埃及,29840.0
202608,23,第23章  食品工业的残渣及废料；配制的动物饲料,232,摩洛哥,339007.0
202608,23,第23章  食品工业的残渣及废料；配制的动物饲料,247,坦桑尼亚,338055.0
202608,23,第23章  食品工业的残渣及废料；配制的动物饲料,302,丹麦,2788891.0
202608,23,第23章  食品工业的残渣及废料；配制的动物饲料,331,瑞士,334419.0
202608,23,第23章  食品工业的残渣及废料；配制的动物饲料,347,乌克兰,18820590.0
202608,23,第23章  食品工业的残渣及废料；配制的动物饲料,352,捷克,196266.0
202608,23,第23章  食品工业的残渣及废料；配制的动物饲料,402,阿根廷,2158586.0
202608,23,第23章  食品工业的残渣及废料；配制的动物饲料,412,智利,16726108.0
202608,23,第23章  食品工业的残渣及废料；配制的动物饲料,419,厄瓜多尔,4063906.0
202608,23,第23章  食品工业的残渣及废料；配制的动物饲料,434,秘鲁,78024684.0
202608,23,第23章  食品工业的残渣及废料；配制的动物饲料,609,新西兰,9108418.0
202608,24,第24章  烟草、烟草及烟草代用品的制品；非经燃烧吸用的产品，不论是否含有尼古丁；其他供人体摄入尼古丁的含尼古丁的产品,121,中国澳门,77863.0
202608,24,第24章  烟草、烟草及烟草代用品的制品；非经燃烧吸用的产品，不论是否含有尼古丁；其他供人体摄入尼古丁的含尼古丁的产品,253,赞比亚,15409598.0
202608,24,第24章  烟草、烟草及烟草代用品的制品；非经燃烧吸用的产品，不论是否含有尼古丁；其他供人体摄入尼古丁的含尼古丁的产品,331,瑞士,123953.0
202608,24,第24章  烟草、烟草及烟草代用品的制品；非经燃烧吸用的产品，不论是否含有尼古丁；其他供人体摄入尼古丁的含尼古丁的产品,418,多米尼加,5027869.0
202608,24,第24章  烟草、烟草及烟草代用品的制品；非经燃烧吸用的产品，不论是否含有尼古丁；其他供人体摄入尼古丁的含尼古丁的产品,426,洪都拉斯,7904.0
202608,25,第25章  盐；硫磺；泥土及石料；石膏料、石灰及水泥,101,阿富汗,48350.0
202608,25,第25章  盐；硫磺；泥土及石料；石膏料、石灰及水泥,103,孟加拉国,594.0
202608,25,第25章  盐；硫磺；泥土及石料；石膏料、石灰及水泥,105,文莱,2104349.0
202608,25,第25章  盐；硫磺；泥土及石料；石膏料、石灰及水泥,106,缅甸,3505574.0
202608,25,第25章  盐；硫磺；泥土及石料；石膏料、石灰及水泥,107,柬埔寨,7262064.0
202608,25,第25章  盐；硫磺；泥土及石料；石膏料、石灰及水泥,115,以色列,499942.0
202608,25,第25章  盐；硫磺；泥土及石料；石膏料、石灰及水泥,117,约旦,4270243.0
202608,25,第25章  盐；硫磺；泥土及石料；石膏料、石灰及水泥,121,中国澳门,50.0
202608,25,第25章  盐；硫磺；泥土及石料；石膏料、石灰及水泥,131,沙特阿拉伯,30.0
202608,25,第25章  盐；硫磺；泥土及石料；石膏料、石灰及水泥,134,斯里兰卡,218662.0
202608,25,第25章  盐；硫磺；泥土及石料；石膏料、石灰及水泥,201,阿尔及利亚,6299.0
202608,25,第25章  盐；硫磺；泥土及石料；石膏料、石灰及水泥,215,埃及,8228728.0
202608,25,第25章  盐；硫磺；泥土及石料；石膏料、石灰及水泥,226,利比亚,11359.0
202608,25,第25章  盐；硫磺；泥土及石料；石膏料、石灰及水泥,229,马里,121645323.0
202608,25,第25章  盐；硫磺；泥土及石料；石膏料、石灰及水泥,232,摩洛哥,4354029.0
202608,25,第25章  盐；硫磺；泥土及石料；石膏料、石灰及水泥,236,尼日利亚,102358424.0
202608,25,第25章  盐；硫磺；泥土及石料；石膏料、石灰及水泥,238,卢旺达,884890.0
202608,25,第25章  盐；硫磺；泥土及石料；石膏料、石灰及水泥,247,坦桑尼亚,2923282.0
202608,25,第25章  盐；硫磺；泥土及石料；石膏料、石灰及水泥,253,赞比亚,1116635.0
202608,25,第25章  盐；硫磺；泥土及石料；石膏料、石灰及水泥,302,丹麦,458325.0
202608,25,第25章  盐；硫磺；泥土及石料；石膏料、石灰及水泥,311,葡萄牙,5067882.0
202608,25,第25章  盐；硫磺；泥土及石料；石膏料、石灰及水泥,323,列支敦士登,2433.0
202608,25,第25章  盐；硫磺；泥土及石料；石膏料、石灰及水泥,325,摩纳哥,963.0
202608,25,第25章  盐；硫磺；泥土及石料；石膏料、石灰及水泥,328,罗马尼亚,236244.0
202608,25,第25章  盐；硫磺；泥土及石料；石膏料、石灰及水泥,330,瑞典,14434.0
202608,25,第25章  盐；硫磺；泥土及石料；石膏料、石灰及水泥,331,瑞士,4243.0
202608,25,第25章  盐；硫磺；泥土及石料；石膏料、石灰及水泥,335,拉脱维亚,39793.0
202608,25,第25章  盐；硫磺；泥土及石料；石膏料、石灰及水泥,347,乌克兰,1231412.0
202608,25,第25章  盐；硫磺；泥土及石料；石膏料、石灰及水泥,354,北马其顿,2841711.0
202608,25,第25章  盐；硫磺；泥土及石料；石膏料、石灰及水泥,402,阿根廷,16909.0
202608,25,第25章  盐；硫磺；泥土及石料；石膏料、石灰及水泥,412,智利,3541.0
202608,25,第25章  盐；硫磺；泥土及石料；石膏料、石灰及水泥,413,哥伦比亚,5105900.0
202608,25,第25章  盐；硫磺；泥土及石料；石膏料、石灰及水泥,423,危地马拉,15400.0
202608,25,第25章  盐；硫磺；泥土及石料；石膏料、石灰及水泥,434,秘鲁,140804993.0
202608,25,第25章  盐；硫磺；泥土及石料；石膏料、石灰及水泥,609,新西兰,33635.0
202608,25,第25章  盐；硫磺；泥土及石料；石膏料、石灰及水泥,613,所罗门群岛,7073732.0
202608,26,第26章  矿砂、矿渣及矿灰,101,阿富汗,574456.0
202608,26,第26章  矿砂、矿渣及矿灰,103,孟加拉国,14954.0
202608,26,第26章  矿砂、矿渣及矿灰,106,缅甸,164524898.0
202608,26,第26章  矿砂、矿渣及矿灰,107,柬埔寨,2122018.0
202608,26,第26章  矿砂、矿渣及矿灰,131,沙特阿拉伯,21690472.0
202608,26,第26章  矿砂、矿渣及矿灰,146,吉尔吉斯斯坦,18314946.0
202608,26,第26章  矿砂、矿渣及矿灰,215,埃及,1680255.0
202608,26,第26章  矿砂、矿渣及矿灰,232,摩洛哥,42458164.0
202608,26,第26章  矿砂、矿渣及矿灰,236,尼日利亚,138431176.0
202608,26,第26章  矿砂、矿渣及矿灰,238,卢旺达,59142844.0
202608,26,第26章  矿砂、矿渣及矿灰,247,坦桑尼亚,12165666.0
202608,26,第26章  矿砂、矿渣及矿灰,248,多哥,2323830.0
202608,26,第26章  矿砂、矿渣及矿灰,253,赞比亚,72414332.0
202608,26,第26章  矿砂、矿渣及矿灰,311,葡萄牙,3947005.0
202608,26,第26章  矿砂、矿渣及矿灰,328,罗马尼亚,61.0
202608,26,第26章  矿砂、矿渣及矿灰,330,瑞典,14986.0
202608,26,第26章  矿砂、矿渣及矿灰,347,乌克兰,81339122.0
202608,26,第26章  矿砂、矿渣及矿灰,354,北马其顿,1835253.0
202608,26,第26章  矿砂、矿渣及矿灰,355,波斯尼亚和黑塞哥维那,22173999.0
202608,26,第26章  矿砂、矿渣及矿灰,402,阿根廷,7237213.0
202608,26,第26章  矿砂、矿渣及矿灰,412,智利,3106720892.0
202608,26,第26章  矿砂、矿渣及矿灰,413,哥伦比亚,28952823.0
202608,26,第26章  矿砂、矿渣及矿灰,416,古巴,1830321.0
202608,26,第26章  矿砂、矿渣及矿灰,418,多米尼加,20616805.0
202608,26,第26章  矿砂、矿渣及矿灰,419,厄瓜多尔,184585238.0
202608,26,第26章  矿砂、矿渣及矿灰,423,危地马拉,6637743.0
202608,26,第26章  矿砂、矿渣及矿灰,434,秘鲁,3180421610.0
202608,26,第26章  矿砂、矿渣及矿灰,445,委内瑞拉,58829108.0
202608,26,第26章  矿砂、矿渣及矿灰,603,斐济,9149127.0
202608,26,第26章  矿砂、矿渣及矿灰,609,新西兰,15711798.0
202608,26,第26章  矿砂、矿渣及矿灰,611,巴布亚新几内亚,1493270.0
202608,26,第26章  矿砂、矿渣及矿灰,613,所罗门群岛,18794371.0
202608,27,第27章  矿物燃料、矿物油及其蒸馏产品；沥青物质；矿物蜡,105,文莱,100935048.0
202608,27,第27章  矿物燃料、矿物油及其蒸馏产品；沥青物质；矿物蜡,106,缅甸,136732309.0
202608,27,第27章  矿物燃料、矿物油及其蒸馏产品；沥青物质；矿物蜡,114,伊拉克,839542947.0
202608,27,第27章  矿物燃料、矿物油及其蒸馏产品；沥青物质；矿物蜡,115,以色列,485896.0
202608,27,第27章  矿物燃料、矿物油及其蒸馏产品；沥青物质；矿物蜡,130,卡塔尔,678452443.0
202608,27,第27章  矿物燃料、矿物油及其蒸馏产品；沥青物质；矿物蜡,131,沙特阿拉伯,1976346365.0
202608,27,第27章  矿物燃料、矿物油及其蒸馏产品；沥青物质；矿物蜡,146,吉尔吉斯斯坦,642154.0
202608,27,第27章  矿物燃料、矿物油及其蒸馏产品；沥青物质；矿物蜡,201,阿尔及利亚,67378704.0
202608,27,第27章  矿物燃料、矿物油及其蒸馏产品；沥青物质；矿物蜡,215,埃及,29042350.0
202608,27,第27章  矿物燃料、矿物油及其蒸馏产品；沥青物质；矿物蜡,216,赤道几内亚,114921274.0
202608,27,第27章  矿物燃料、矿物油及其蒸馏产品；沥青物质；矿物蜡,236,尼日利亚,122424495.0
202608,27,第27章  矿物燃料、矿物油及其蒸馏产品；沥青物质；矿物蜡,253,赞比亚,301.0
202608,27,第27章  矿物燃料、矿物油及其蒸馏产品；沥青物质；矿物蜡,302,丹麦,63911.0
202608,27,第27章  矿物燃料、矿物油及其蒸馏产品；沥青物质；矿物蜡,328,罗马尼亚,35103169.0
202608,27,第27章  矿物燃料、矿物油及其蒸馏产品；沥青物质；矿物蜡,330,瑞典,709115.0
202608,27,第27章  矿物燃料、矿物油及其蒸馏产品；沥青物质；矿物蜡,331,瑞士,466753.0
202608,27,第27章  矿物燃料、矿物油及其蒸馏产品；沥青物质；矿物蜡,334,爱沙尼亚,4873108.0
202608,27,第27章  矿物燃料、矿物油及其蒸馏产品；沥青物质；矿物蜡,335,拉脱维亚,6885284.0
202608,27,第27章  矿物燃料、矿物油及其蒸馏产品；沥青物质；矿物蜡,352,捷克,5005.0
202608,27,第27章  矿物燃料、矿物油及其蒸馏产品；沥青物质；矿物蜡,353,斯洛伐克,2453.0
202608,27,第27章  矿物燃料、矿物油及其蒸馏产品；沥青物质；矿物蜡,402,阿根廷,31470711.0
202608,27,第27章  矿物燃料、矿物油及其蒸馏产品；沥青物质；矿物蜡,413,哥伦比亚,586428230.0
202608,27,第27章  矿物燃料、矿物油及其蒸馏产品；沥青物质；矿物蜡,419,厄瓜多尔,60844523.0
202608,27,第27章  矿物燃料、矿物油及其蒸馏产品；沥青物质；矿物蜡,609,新西兰,7234454.0
202608,27,第27章  矿物燃料、矿物油及其蒸馏产品；沥青物质；矿物蜡,611,巴布亚新几内亚,165007723.0
202608,28,第28章  无机化学品；贵金属、稀土金属、放射性元素及其同位素的有机及无机化合物,103,孟加拉国,10532.0
202608,28,第28章  无机化学品；贵金属、稀土金属、放射性元素及其同位素的有机及无机化合物,106,缅甸,44386515.0
202608,28,第28章  无机化学品；贵金属、稀土金属、放射性元素及其同位素的有机及无机化合物,107,柬埔寨,146924.0
202608,28,第28章  无机化学品；贵金属、稀土金属、放射性元素及其同位素的有机及无机化合物,115,以色列,29830772.0
202608,28,第28章  无机化学品；贵金属、稀土金属、放射性元素及其同位素的有机及无机化合物,117,约旦,13479513.0
202608,28,第28章  无机化学品；贵金属、稀土金属、放射性元素及其同位素的有机及无机化合物,130,卡塔尔,2522603.0
202608,28,第28章  无机化学品；贵金属、稀土金属、放射性元素及其同位素的有机及无机化合物,131,沙特阿拉伯,1000.0
202608,28,第28章  无机化学品；贵金属、稀土金属、放射性元素及其同位素的有机及无机化合物,214,吉布提,183600.0
202608,28,第28章  无机化学品；贵金属、稀土金属、放射性元素及其同位素的有机及无机化合物,232,摩洛哥,23976.0
202608,28,第28章  无机化学品；贵金属、稀土金属、放射性元素及其同位素的有机及无机化合物,247,坦桑尼亚,2526.0
202608,28,第28章  无机化学品；贵金属、稀土金属、放射性元素及其同位素的有机及无机化合物,302,丹麦,560890.0
202608,28,第28章  无机化学品；贵金属、稀土金属、放射性元素及其同位素的有机及无机化合物,311,葡萄牙,34880.0
202608,28,第28章  无机化学品；贵金属、稀土金属、放射性元素及其同位素的有机及无机化合物,323,列支敦士登,3161.0
202608,28,第28章  无机化学品；贵金属、稀土金属、放射性元素及其同位素的有机及无机化合物,330,瑞典,222299.0
202608,28,第28章  无机化学品；贵金属、稀土金属、放射性元素及其同位素的有机及无机化合物,331,瑞士,1367917.0
202608,28,第28章  无机化学品；贵金属、稀土金属、放射性元素及其同位素的有机及无机化合物,347,乌克兰,183.0
202608,28,第28章  无机化学品；贵金属、稀土金属、放射性元素及其同位素的有机及无机化合物,352,捷克,728301.0
202608,28,第28章  无机化学品；贵金属、稀土金属、放射性元素及其同位素的有机及无机化合物,354,北马其顿,627.0
202608,28,第28章  无机化学品；贵金属、稀土金属、放射性元素及其同位素的有机及无机化合物,355,波斯尼亚和黑塞哥维那,223789.0
202608,28,第28章  无机化学品；贵金属、稀土金属、放射性元素及其同位素的有机及无机化合物,402,阿根廷,189232957.0
202608,28,第28章  无机化学品；贵金属、稀土金属、放射性元素及其同位素的有机及无机化合物,412,智利,486119427.0
202608,28,第28章  无机化学品；贵金属、稀土金属、放射性元素及其同位素的有机及无机化合物,413,哥伦比亚,386594.0
202608,28,第28章  无机化学品；贵金属、稀土金属、放射性元素及其同位素的有机及无机化合物,434,秘鲁,1590652.0
202608,28,第28章  无机化学品；贵金属、稀土金属、放射性元素及其同位素的有机及无机化合物,609,新西兰,3551.0
202608,29,第29章  有机化学品,103,孟加拉国,304.0
202608,29,第29章  有机化学品,105,文莱,155877633.0
202608,29,第29章  有机化学品,107,柬埔寨,1317856.0
202608,29,第29章  有机化学品,115,以色列,18432858.0
202608,29,第29章  有机化学品,117,约旦,14127046.0
202608,29,第29章  有机化学品,121,中国澳门,2179816.0
202608,29,第29章  有机化学品,130,卡塔尔,1608.0
202608,29,第29章  有机化学品,131,沙特阿拉伯,83529759.0
202608,29,第29章  有机化学品,134,斯里兰卡,56.0
202608,29,第29章  有机化学品,302,丹麦,225650976.0
202608,29,第29章  有机化学品,311,葡萄牙,21828.0
202608,29,第29章  有机化学品,328,罗马尼亚,121040.0
202608,29,第29章  有机化学品,330,瑞典,3148739.0
202608,29,第29章  有机化学品,331,瑞士,68095962.0
202608,29,第29章  有机化学品,334,爱沙尼亚,76355.0
202608,29,第29章  有机化学品,335,拉脱维亚,758.0
202608,29,第29章  有机化学品,347,乌克兰,771756.0
202608,29,第29章  有机化学品,352,捷克,721713.0
202608,29,第29章  有机化学品,353,斯洛伐克,28215.0
202608,29,第29章  有机化学品,402,阿根廷,1361114.0
202608,29,第29章  有机化学品,412,智利,36647924.0
202608,29,第29章  有机化学品,434,秘鲁,153.0
202608,29,第29章  有机化学品,445,委内瑞拉,59.0
202608,29,第29章  有机化学品,609,新西兰,13761878.0
202608,30,第30章  药品,107,柬埔寨,285257.0
202608,30,第30章  药品,115,以色列,6345407.0
202608,30,第30章  药品,121,中国澳门,2000.0
202608,30,第30章  药品,302,丹麦,102155879.0
202608,30,第30章  药品,308,卢森堡,241.0
202608,30,第30章  药品,311,葡萄牙,7390251.0
202608,30,第30章  药品,323,列支敦士登,234732.0
202608,30,第30章  药品,328,罗马尼亚,67771.0
202608,30,第30章  药品,330,瑞典,182886878.0
202608,30,第30章  药品,331,瑞士,210161694.0
202608,30,第30章  药品,334,爱沙尼亚,6198.0
202608,30,第30章  药品,335,拉脱维亚,22.0
202608,30,第30章  药品,343,摩尔多瓦,352.0
202608,30,第30章  药品,347,乌克兰,56367.0
202608,30,第30章  药品,352,捷克,198271.0
202608,30,第30章  药品,353,斯洛伐克,378801.0
202608,30,第30章  药品,402,阿根廷,3968865.0
202608,30,第30章  药品,412,智利,939.0
202608,30,第30章  药品,416,古巴,588000.0
202608,30,第30章  药品,418,多米尼加,1043911.0
202608,30,第30章  药品,609,新西兰,2018473.0
202608,31,第31章  肥料,115,以色列,24690630.0
202608,31,第31章  肥料,330,瑞典,19495.0
202608,31,第31章  肥料,331,瑞士,1306.0
202608,31,第31章  肥料,347,乌克兰,59726.0
202608,31,第31章  肥料,352,捷克,47388.0
202608,32,第32章  鞣料浸膏及染料浸膏；鞣酸及其衍生物；染料、颜料及其他着色料；油漆及清漆；油灰及其他类似胶粘剂；墨水、油墨,103,孟加拉国,6.0
202608,32,第32章  鞣料浸膏及染料浸膏；鞣酸及其衍生物；染料、颜料及其他着色料；油漆及清漆；油灰及其他类似胶粘剂；墨水、油墨,106,缅甸,106302.0
202608,32,第32章  鞣料浸膏及染料浸膏；鞣酸及其衍生物；染料、颜料及其他着色料；油漆及清漆；油灰及其他类似胶粘剂；墨水、油墨,115,以色列,470773.0
202608,32,第32章  鞣料浸膏及染料浸膏；鞣酸及其衍生物；染料、颜料及其他着色料；油漆及清漆；油灰及其他类似胶粘剂；墨水、油墨,232,摩洛哥,838.0
202608,32,第32章  鞣料浸膏及染料浸膏；鞣酸及其衍生物；染料、颜料及其他着色料；油漆及清漆；油灰及其他类似胶粘剂；墨水、油墨,302,丹麦,568876.0
202608,32,第32章  鞣料浸膏及染料浸膏；鞣酸及其衍生物；染料、颜料及其他着色料；油漆及清漆；油灰及其他类似胶粘剂；墨水、油墨,308,卢森堡,274931.0
202608,32,第32章  鞣料浸膏及染料浸膏；鞣酸及其衍生物；染料、颜料及其他着色料；油漆及清漆；油灰及其他类似胶粘剂；墨水、油墨,311,葡萄牙,4673.0
202608,32,第32章  鞣料浸膏及染料浸膏；鞣酸及其衍生物；染料、颜料及其他着色料；油漆及清漆；油灰及其他类似胶粘剂；墨水、油墨,323,列支敦士登,80338.0
202608,32,第32章  鞣料浸膏及染料浸膏；鞣酸及其衍生物；染料、颜料及其他着色料；油漆及清漆；油灰及其他类似胶粘剂；墨水、油墨,328,罗马尼亚,5098.0
202608,32,第32章  鞣料浸膏及染料浸膏；鞣酸及其衍生物；染料、颜料及其他着色料；油漆及清漆；油灰及其他类似胶粘剂；墨水、油墨,330,瑞典,374829.0
202608,32,第32章  鞣料浸膏及染料浸膏；鞣酸及其衍生物；染料、颜料及其他着色料；油漆及清漆；油灰及其他类似胶粘剂；墨水、油墨,331,瑞士,6371080.0
202608,32,第32章  鞣料浸膏及染料浸膏；鞣酸及其衍生物；染料、颜料及其他着色料；油漆及清漆；油灰及其他类似胶粘剂；墨水、油墨,335,拉脱维亚,8156.0
202608,32,第32章  鞣料浸膏及染料浸膏；鞣酸及其衍生物；染料、颜料及其他着色料；油漆及清漆；油灰及其他类似胶粘剂；墨水、油墨,347,乌克兰,11048.0
202608,32,第32章  鞣料浸膏及染料浸膏；鞣酸及其衍生物；染料、颜料及其他着色料；油漆及清漆；油灰及其他类似胶粘剂；墨水、油墨,352,捷克,344895.0
202608,32,第32章  鞣料浸膏及染料浸膏；鞣酸及其衍生物；染料、颜料及其他着色料；油漆及清漆；油灰及其他类似胶粘剂；墨水、油墨,353,斯洛伐克,5996.0
202608,32,第32章  鞣料浸膏及染料浸膏；鞣酸及其衍生物；染料、颜料及其他着色料；油漆及清漆；油灰及其他类似胶粘剂；墨水、油墨,402,阿根廷,2189498.0
202608,32,第32章  鞣料浸膏及染料浸膏；鞣酸及其衍生物；染料、颜料及其他着色料；油漆及清漆；油灰及其他类似胶粘剂；墨水、油墨,412,智利,1095.0
202608,32,第32章  鞣料浸膏及染料浸膏；鞣酸及其衍生物；染料、颜料及其他着色料；油漆及清漆；油灰及其他类似胶粘剂；墨水、油墨,413,哥伦比亚,331782.0
202608,32,第32章  鞣料浸膏及染料浸膏；鞣酸及其衍生物；染料、颜料及其他着色料；油漆及清漆；油灰及其他类似胶粘剂；墨水、油墨,418,多米尼加,31046.0
202608,32,第32章  鞣料浸膏及染料浸膏；鞣酸及其衍生物；染料、颜料及其他着色料；油漆及清漆；油灰及其他类似胶粘剂；墨水、油墨,434,秘鲁,3340247.0
202608,32,第32章  鞣料浸膏及染料浸膏；鞣酸及其衍生物；染料、颜料及其他着色料；油漆及清漆；油灰及其他类似胶粘剂；墨水、油墨,445,委内瑞拉,15.0
202608,32,第32章  鞣料浸膏及染料浸膏；鞣酸及其衍生物；染料、颜料及其他着色料；油漆及清漆；油灰及其他类似胶粘剂；墨水、油墨,609,新西兰,167586.0
202608,33,第33章  精油及香膏；芳香料制品及化妆盥洗品,101,阿富汗,108.0
202608,33,第33章  精油及香膏；芳香料制品及化妆盥洗品,103,孟加拉国,119.0
202608,33,第33章  精油及香膏；芳香料制品及化妆盥洗品,105,文莱,315440.0
202608,33,第33章  精油及香膏；芳香料制品及化妆盥洗品,107,柬埔寨,304.0
202608,33,第33章  精油及香膏；芳香料制品及化妆盥洗品,115,以色列,4157848.0
202608,33,第33章  精油及香膏；芳香料制品及化妆盥洗品,117,约旦,86650.0
202608,33,第33章  精油及香膏；芳香料制品及化妆盥洗品,121,中国澳门,53532.0
202608,33,第33章  精油及香膏；芳香料制品及化妆盥洗品,131,沙特阿拉伯,1750.0
202608,33,第33章  精油及香膏；芳香料制品及化妆盥洗品,134,斯里兰卡,24951.0
202608,33,第33章  精油及香膏；芳香料制品及化妆盥洗品,201,阿尔及利亚,25.0
202608,33,第33章  精油及香膏；芳香料制品及化妆盥洗品,215,埃及,419198.0
202608,33,第33章  精油及香膏；芳香料制品及化妆盥洗品,232,摩洛哥,81276.0
202608,33,第33章  精油及香膏；芳香料制品及化妆盥洗品,257,斯威士兰,816.0
202608,33,第33章  精油及香膏；芳香料制品及化妆盥洗品,302,丹麦,1118.0
202608,33,第33章  精油及香膏；芳香料制品及化妆盥洗品,308,卢森堡,12214.0
202608,33,第33章  精油及香膏；芳香料制品及化妆盥洗品,311,葡萄牙,75264.0
202608,33,第33章  精油及香膏；芳香料制品及化妆盥洗品,322,冰岛,52.0
202608,33,第33章  精油及香膏；芳香料制品及化妆盥洗品,323,列支敦士登,37862.0
202608,33,第33章  精油及香膏；芳香料制品及化妆盥洗品,325,摩纳哥,251020.0
202608,33,第33章  精油及香膏；芳香料制品及化妆盥洗品,328,罗马尼亚,46444.0
202608,33,第33章  精油及香膏；芳香料制品及化妆盥洗品,330,瑞典,5268052.0
202608,33,第33章  精油及香膏；芳香料制品及化妆盥洗品,331,瑞士,23897547.0
202608,33,第33章  精油及香膏；芳香料制品及化妆盥洗品,335,拉脱维亚,591539.0
202608,33,第33章  精油及香膏；芳香料制品及化妆盥洗品,343,摩尔多瓦,19061.0
202608,33,第33章  精油及香膏；芳香料制品及化妆盥洗品,347,乌克兰,174.0
202608,33,第33章  精油及香膏；芳香料制品及化妆盥洗品,352,捷克,889269.0
202608,33,第33章  精油及香膏；芳香料制品及化妆盥洗品,353,斯洛伐克,57341.0
202608,33,第33章  精油及香膏；芳香料制品及化妆盥洗品,355,波斯尼亚和黑塞哥维那,4000.0
202608,33,第33章  精油及香膏；芳香料制品及化妆盥洗品,402,阿根廷,488786.0
202608,33,第33章  精油及香膏；芳香料制品及化妆盥洗品,412,智利,6025.0
202608,33,第33章  精油及香膏；芳香料制品及化妆盥洗品,413,哥伦比亚,489.0
202608,33,第33章  精油及香膏；芳香料制品及化妆盥洗品,418,多米尼加,9512.0
202608,33,第33章  精油及香膏；芳香料制品及化妆盥洗品,419,厄瓜多尔,81.0
202608,33,第33章  精油及香膏；芳香料制品及化妆盥洗品,423,危地马拉,32287.0
202608,33,第33章  精油及香膏；芳香料制品及化妆盥洗品,426,洪都拉斯,136.0
202608,33,第33章  精油及香膏；芳香料制品及化妆盥洗品,433,巴拉圭,163891.0
202608,33,第33章  精油及香膏；芳香料制品及化妆盥洗品,434,秘鲁,29346.0
202608,33,第33章  精油及香膏；芳香料制品及化妆盥洗品,608,瓦努阿图,30.0
202608,33,第33章  精油及香膏；芳香料制品及化妆盥洗品,609,新西兰,1415766.0
202608,34,第34章  肥皂、有机表面活性剂、洗涤剂、润滑剂、人造蜡、调制蜡、光洁剂、蜡烛及类似品、塑型用膏、“牙科用蜡”及牙科用熟石膏制剂,105,文莱,1433.0
202608,34,第34章  肥皂、有机表面活性剂、洗涤剂、润滑剂、人造蜡、调制蜡、光洁剂、蜡烛及类似品、塑型用膏、“牙科用蜡”及牙科用熟石膏制剂,107,柬埔寨,711.0
202608,34,第34章  肥皂、有机表面活性剂、洗涤剂、润滑剂、人造蜡、调制蜡、光洁剂、蜡烛及类似品、塑型用膏、“牙科用蜡”及牙科用熟石膏制剂,115,以色列,180107.0
202608,34,第34章  肥皂、有机表面活性剂、洗涤剂、润滑剂、人造蜡、调制蜡、光洁剂、蜡烛及类似品、塑型用膏、“牙科用蜡”及牙科用熟石膏制剂,117,约旦,7519.0
202608,34,第34章  肥皂、有机表面活性剂、洗涤剂、润滑剂、人造蜡、调制蜡、光洁剂、蜡烛及类似品、塑型用膏、“牙科用蜡”及牙科用熟石膏制剂,121,中国澳门,26.0
202608,34,第34章  肥皂、有机表面活性剂、洗涤剂、润滑剂、人造蜡、调制蜡、光洁剂、蜡烛及类似品、塑型用膏、“牙科用蜡”及牙科用熟石膏制剂,131,沙特阿拉伯,2323215.0
202608,34,第34章  肥皂、有机表面活性剂、洗涤剂、润滑剂、人造蜡、调制蜡、光洁剂、蜡烛及类似品、塑型用膏、“牙科用蜡”及牙科用熟石膏制剂,215,埃及,145359.0
202608,34,第34章  肥皂、有机表面活性剂、洗涤剂、润滑剂、人造蜡、调制蜡、光洁剂、蜡烛及类似品、塑型用膏、“牙科用蜡”及牙科用熟石膏制剂,229,马里,5.0
202608,34,第34章  肥皂、有机表面活性剂、洗涤剂、润滑剂、人造蜡、调制蜡、光洁剂、蜡烛及类似品、塑型用膏、“牙科用蜡”及牙科用熟石膏制剂,232,摩洛哥,2076.0
202608,34,第34章  肥皂、有机表面活性剂、洗涤剂、润滑剂、人造蜡、调制蜡、光洁剂、蜡烛及类似品、塑型用膏、“牙科用蜡”及牙科用熟石膏制剂,236,尼日利亚,19.0
202608,34,第34章  肥皂、有机表面活性剂、洗涤剂、润滑剂、人造蜡、调制蜡、光洁剂、蜡烛及类似品、塑型用膏、“牙科用蜡”及牙科用熟石膏制剂,302,丹麦,1028234.0
202608,34,第34章  肥皂、有机表面活性剂、洗涤剂、润滑剂、人造蜡、调制蜡、光洁剂、蜡烛及类似品、塑型用膏、“牙科用蜡”及牙科用熟石膏制剂,308,卢森堡,2075.0
202608,34,第34章  肥皂、有机表面活性剂、洗涤剂、润滑剂、人造蜡、调制蜡、光洁剂、蜡烛及类似品、塑型用膏、“牙科用蜡”及牙科用熟石膏制剂,311,葡萄牙,329546.0
202608,34,第34章  肥皂、有机表面活性剂、洗涤剂、润滑剂、人造蜡、调制蜡、光洁剂、蜡烛及类似品、塑型用膏、“牙科用蜡”及牙科用熟石膏制剂,322,冰岛,198.0
202608,34,第34章  肥皂、有机表面活性剂、洗涤剂、润滑剂、人造蜡、调制蜡、光洁剂、蜡烛及类似品、塑型用膏、“牙科用蜡”及牙科用熟石膏制剂,323,列支敦士登,10553.0
202608,34,第34章  肥皂、有机表面活性剂、洗涤剂、润滑剂、人造蜡、调制蜡、光洁剂、蜡烛及类似品、塑型用膏、“牙科用蜡”及牙科用熟石膏制剂,325,摩纳哥,46538.0
202608,34,第34章  肥皂、有机表面活性剂、洗涤剂、润滑剂、人造蜡、调制蜡、光洁剂、蜡烛及类似品、塑型用膏、“牙科用蜡”及牙科用熟石膏制剂,328,罗马尼亚,7458.0
202608,34,第34章  肥皂、有机表面活性剂、洗涤剂、润滑剂、人造蜡、调制蜡、光洁剂、蜡烛及类似品、塑型用膏、“牙科用蜡”及牙科用熟石膏制剂,330,瑞典,621579.0
202608,34,第34章  肥皂、有机表面活性剂、洗涤剂、润滑剂、人造蜡、调制蜡、光洁剂、蜡烛及类似品、塑型用膏、“牙科用蜡”及牙科用熟石膏制剂,331,瑞士,3243688.0
202608,34,第34章  肥皂、有机表面活性剂、洗涤剂、润滑剂、人造蜡、调制蜡、光洁剂、蜡烛及类似品、塑型用膏、“牙科用蜡”及牙科用熟石膏制剂,334,爱沙尼亚,107.0
202608,34,第34章  肥皂、有机表面活性剂、洗涤剂、润滑剂、人造蜡、调制蜡、光洁剂、蜡烛及类似品、塑型用膏、“牙科用蜡”及牙科用熟石膏制剂,335,拉脱维亚,421417.0
202608,34,第34章  肥皂、有机表面活性剂、洗涤剂、润滑剂、人造蜡、调制蜡、光洁剂、蜡烛及类似品、塑型用膏、“牙科用蜡”及牙科用熟石膏制剂,347,乌克兰,45.0
202608,34,第34章  肥皂、有机表面活性剂、洗涤剂、润滑剂、人造蜡、调制蜡、光洁剂、蜡烛及类似品、塑型用膏、“牙科用蜡”及牙科用熟石膏制剂,352,捷克,97217.0
202608,34,第34章  肥皂、有机表面活性剂、洗涤剂、润滑剂、人造蜡、调制蜡、光洁剂、蜡烛及类似品、塑型用膏、“牙科用蜡”及牙科用熟石膏制剂,353,斯洛伐克,1068.0
202608,34,第34章  肥皂、有机表面活性剂、洗涤剂、润滑剂、人造蜡、调制蜡、光洁剂、蜡烛及类似品、塑型用膏、“牙科用蜡”及牙科用熟石膏制剂,413,哥伦比亚,112939.0
202608,34,第34章  肥皂、有机表面活性剂、洗涤剂、润滑剂、人造蜡、调制蜡、光洁剂、蜡烛及类似品、塑型用膏、“牙科用蜡”及牙科用熟石膏制剂,423,危地马拉,189.0
202608,34,第34章  肥皂、有机表面活性剂、洗涤剂、润滑剂、人造蜡、调制蜡、光洁剂、蜡烛及类似品、塑型用膏、“牙科用蜡”及牙科用熟石膏制剂,603,斐济,2.0
202608,34,第34章  肥皂、有机表面活性剂、洗涤剂、润滑剂、人造蜡、调制蜡、光洁剂、蜡烛及类似品、塑型用膏、“牙科用蜡”及牙科用熟石膏制剂,609,新西兰,235446.0
202608,35,第35章  蛋白类物质；改性淀粉；胶；酶,103,孟加拉国,83558.0
202608,35,第35章  蛋白类物质；改性淀粉；胶；酶,107,柬埔寨,800565.0
202608,35,第35章  蛋白类物质；改性淀粉；胶；酶,115,以色列,547144.0
202608,35,第35章  蛋白类物质；改性淀粉；胶；酶,215,埃及,4269.0
202608,35,第35章  蛋白类物质；改性淀粉；胶；酶,232,摩洛哥,308.0
202608,35,第35章  蛋白类物质；改性淀粉；胶；酶,236,尼日利亚,85.0
202608,35,第35章  蛋白类物质；改性淀粉；胶；酶,302,丹麦,19354713.0
202608,35,第35章  蛋白类物质；改性淀粉；胶；酶,311,葡萄牙,7095.0
202608,35,第35章  蛋白类物质；改性淀粉；胶；酶,328,罗马尼亚,18730.0
202608,35,第35章  蛋白类物质；改性淀粉；胶；酶,330,瑞典,855505.0
202608,35,第35章  蛋白类物质；改性淀粉；胶；酶,331,瑞士,2493881.0
202608,35,第35章  蛋白类物质；改性淀粉；胶；酶,352,捷克,115283.0
202608,35,第35章  蛋白类物质；改性淀粉；胶；酶,353,斯洛伐克,302717.0
202608,35,第35章  蛋白类物质；改性淀粉；胶；酶,402,阿根廷,171600.0
202608,35,第35章  蛋白类物质；改性淀粉；胶；酶,413,哥伦比亚,236.0
202608,35,第35章  蛋白类物质；改性淀粉；胶；酶,432,巴拿马,9528.0
202608,35,第35章  蛋白类物质；改性淀粉；胶；酶,434,秘鲁,1863.0
202608,35,第35章  蛋白类物质；改性淀粉；胶；酶,609,新西兰,38910277.0
202608,36,第36章  炸药；烟火制品；引火合金；易燃材料制品,330,瑞典,5820.0
202608,36,第36章  炸药；烟火制品；引火合金；易燃材料制品,331,瑞士,375.0
202608,36,第36章  炸药；烟火制品；引火合金；易燃材料制品,352,捷克,2765518.0
202608,37,第37章  照相及电影用品,115,以色列,2235166.0
202608,37,第37章  照相及电影用品,322,冰岛,3061.0
202608,37,第37章  照相及电影用品,330,瑞典,3391.0
202608,37,第37章  照相及电影用品,331,瑞士,78602.0
202608,37,第37章  照相及电影用品,352,捷克,14032.0
202608,38,第38章  杂项化学产品,103,孟加拉国,7158259.0
202608,38,第38章  杂项化学产品,106,缅甸,91734.0
202608,38,第38章  杂项化学产品,107,柬埔寨,2146174.0
202608,38,第38章  杂项化学产品,115,以色列,1815451.0
202608,38,第38章  杂项化学产品,121,中国澳门,277.0
202608,38,第38章  杂项化学产品,130,卡塔尔,256000.0
202608,38,第38章  杂项化学产品,131,沙特阿拉伯,1771731.0
202608,38,第38章  杂项化学产品,134,斯里兰卡,3444107.0
202608,38,第38章  杂项化学产品,201,阿尔及利亚,135405.0
202608,38,第38章  杂项化学产品,215,埃及,742399.0
202608,38,第38章  杂项化学产品,232,摩洛哥,247799.0
202608,38,第38章  杂项化学产品,236,尼日利亚,3428668.0
202608,38,第38章  杂项化学产品,247,坦桑尼亚,16830.0
202608,38,第38章  杂项化学产品,253,赞比亚,9424329.0
202608,38,第38章  杂项化学产品,302,丹麦,4517456.0
202608,38,第38章  杂项化学产品,308,卢森堡,1589.0
202608,38,第38章  杂项化学产品,311,葡萄牙,560353.0
202608,38,第38章  杂项化学产品,322,冰岛,1561.0
202608,38,第38章  杂项化学产品,323,列支敦士登,144957.0
202608,38,第38章  杂项化学产品,325,摩纳哥,15410.0
202608,38,第38章  杂项化学产品,328,罗马尼亚,1206879.0
202608,38,第38章  杂项化学产品,330,瑞典,22992100.0
202608,38,第38章  杂项化学产品,331,瑞士,4669933.0
202608,38,第38章  杂项化学产品,334,爱沙尼亚,42337.0
202608,38,第38章  杂项化学产品,335,拉脱维亚,14353.0
202608,38,第38章  杂项化学产品,347,乌克兰,525938.0
202608,38,第38章  杂项化学产品,352,捷克,645715.0
202608,38,第38章  杂项化学产品,353,斯洛伐克,83181.0
202608,38,第38章  杂项化学产品,354,北马其顿,9025.0
202608,38,第38章  杂项化学产品,355,波斯尼亚和黑塞哥维那,531288.0
202608,38,第38章  杂项化学产品,402,阿根廷,1520790.0
202608,38,第38章  杂项化学产品,412,智利,254962.0
202608,38,第38章  杂项化学产品,413,哥伦比亚,33679.0
202608,38,第38章  杂项化学产品,434,秘鲁,123244.0
202608,38,第38章  杂项化学产品,445,委内瑞拉,37910.0
202608,38,第38章  杂项化学产品,609,新西兰,195147.0
202608,38,第38章  杂项化学产品,611,巴布亚新几内亚,158014.0
202608,38,第38章  杂项化学产品,623,法属波利尼西亚,4111.0
202608,39,第39章  塑料及其制品,101,阿富汗,574.0
202608,39,第39章  塑料及其制品,103,孟加拉国,761148.0
202608,39,第39章  塑料及其制品,106,缅甸,531636.0
202608,39,第39章  塑料及其制品,107,柬埔寨,967961.0
202608,39,第39章  塑料及其制品,115,以色列,2753906.0
202608,39,第39章  塑料及其制品,117,约旦,675.0
202608,39,第39章  塑料及其制品,121,中国澳门,1054.0
202608,39,第39章  塑料及其制品,130,卡塔尔,25216047.0
202608,39,第39章  塑料及其制品,131,沙特阿拉伯,151534214.0
202608,39,第39章  塑料及其制品,134,斯里兰卡,58678.0
202608,39,第39章  塑料及其制品,215,埃及,108522.0
202608,39,第39章  塑料及其制品,232,摩洛哥,184555.0
202608,39,第39章  塑料及其制品,236,尼日利亚,8620.0
202608,39,第39章  塑料及其制品,247,坦桑尼亚,402.0
202608,39,第39章  塑料及其制品,257,斯威士兰,14.0
202608,39,第39章  塑料及其制品,302,丹麦,6540610.0
202608,39,第39章  塑料及其制品,308,卢森堡,1867674.0
202608,39,第39章  塑料及其制品,311,葡萄牙,6980578.0
202608,39,第39章  塑料及其制品,323,列支敦士登,2139.0
202608,39,第39章  塑料及其制品,325,摩纳哥,3821.0
202608,39,第39章  塑料及其制品,328,罗马尼亚,1734136.0
202608,39,第39章  塑料及其制品,329,圣马力诺,70.0
202608,39,第39章  塑料及其制品,330,瑞典,37684881.0
202608,39,第39章  塑料及其制品,331,瑞士,33052998.0
202608,39,第39章  塑料及其制品,334,爱沙尼亚,93278.0
202608,39,第39章  塑料及其制品,335,拉脱维亚,98352.0
202608,39,第39章  塑料及其制品,343,摩尔多瓦,51983.0
202608,39,第39章  塑料及其制品,347,乌克兰,426059.0
202608,39,第39章  塑料及其制品,352,捷克,8157930.0
202608,39,第39章  塑料及其制品,353,斯洛伐克,3314479.0
202608,39,第39章  塑料及其制品,354,北马其顿,932.0
202608,39,第39章  塑料及其制品,355,波斯尼亚和黑塞哥维那,34512.0
202608,39,第39章  塑料及其制品,402,阿根廷,200142.0
202608,39,第39章  塑料及其制品,412,智利,150395.0
202608,39,第39章  塑料及其制品,413,哥伦比亚,48023.0
202608,39,第39章  塑料及其制品,418,多米尼加,644192.0
202608,39,第39章  塑料及其制品,419,厄瓜多尔,9918.0
202608,39,第39章  塑料及其制品,426,洪都拉斯,9588.0
202608,39,第39章  塑料及其制品,432,巴拿马,580.0
202608,39,第39章  塑料及其制品,433,巴拉圭,1358.0
202608,39,第39章  塑料及其制品,434,秘鲁,4923.0
202608,39,第39章  塑料及其制品,445,委内瑞拉,69.0
202608,39,第39章  塑料及其制品,609,新西兰,145927.0
202608,39,第39章  塑料及其制品,623,法属波利尼西亚,1186.0
202608,40,第40章  橡胶及其制品,103,孟加拉国,51.0
202608,40,第40章  橡胶及其制品,106,缅甸,121353160.0
202608,40,第40章  橡胶及其制品,107,柬埔寨,12282860.0
202608,40,第40章  橡胶及其制品,115,以色列,117467.0
202608,40,第40章  橡胶及其制品,131,沙特阿拉伯,23972532.0
202608,40,第40章  橡胶及其制品,134,斯里兰卡,765015.0
202608,40,第40章  橡胶及其制品,201,阿尔及利亚,20175.0
202608,40,第40章  橡胶及其制品,215,埃及,26133.0
202608,40,第40章  橡胶及其制品,232,摩洛哥,105525.0
202608,40,第40章  橡胶及其制品,236,尼日利亚,463882.0
202608,40,第40章  橡胶及其制品,257,斯威士兰,204.0
202608,40,第40章  橡胶及其制品,302,丹麦,3086767.0
202608,40,第40章  橡胶及其制品,308,卢森堡,114158.0
202608,40,第40章  橡胶及其制品,311,葡萄牙,988529.0
202608,40,第40章  橡胶及其制品,322,冰岛,19.0
202608,40,第40章  橡胶及其制品,323,列支敦士登,4682.0
202608,40,第40章  橡胶及其制品,328,罗马尼亚,1630855.0
202608,40,第40章  橡胶及其制品,329,圣马力诺,17.0
202608,40,第40章  橡胶及其制品,330,瑞典,5157677.0
202608,40,第40章  橡胶及其制品,331,瑞士,1305797.0
202608,40,第40章  橡胶及其制品,334,爱沙尼亚,408976.0
202608,40,第40章  橡胶及其制品,335,拉脱维亚,910.0
202608,40,第40章  橡胶及其制品,347,乌克兰,66848.0
202608,40,第40章  橡胶及其制品,352,捷克,4170713.0
202608,40,第40章  橡胶及其制品,353,斯洛伐克,278709.0
202608,40,第40章  橡胶及其制品,355,波斯尼亚和黑塞哥维那,74097.0
202608,40,第40章  橡胶及其制品,402,阿根廷,1167.0
202608,40,第40章  橡胶及其制品,412,智利,4538.0
202608,40,第40章  橡胶及其制品,418,多米尼加,2914.0
202608,40,第40章  橡胶及其制品,423,危地马拉,178.0
202608,40,第40章  橡胶及其制品,432,巴拿马,375.0
202608,40,第40章  橡胶及其制品,445,委内瑞拉,1.0
202608,40,第40章  橡胶及其制品,603,斐济,14.0
202608,40,第40章  橡胶及其制品,609,新西兰,253318.0
202608,41,第41章  生皮（毛皮除外）及皮革,103,孟加拉国,3102333.0
202608,41,第41章  生皮（毛皮除外）及皮革,107,柬埔寨,422970.0
202608,41,第41章  生皮（毛皮除外）及皮革,131,沙特阿拉伯,798602.0
202608,41,第41章  生皮（毛皮除外）及皮革,215,埃及,662526.0
202608,41,第41章  生皮（毛皮除外）及皮革,229,马里,23146.0
202608,41,第41章  生皮（毛皮除外）及皮革,236,尼日利亚,413706.0
202608,41,第41章  生皮（毛皮除外）及皮革,247,坦桑尼亚,47045.0
202608,41,第41章  生皮（毛皮除外）及皮革,302,丹麦,63442.0
202608,41,第41章  生皮（毛皮除外）及皮革,311,葡萄牙,140593.0
202608,41,第41章  生皮（毛皮除外）及皮革,322,冰岛,32230.0
202608,41,第41章  生皮（毛皮除外）及皮革,330,瑞典,556.0
202608,41,第41章  生皮（毛皮除外）及皮革,331,瑞士,6373.0
202608,41,第41章  生皮（毛皮除外）及皮革,352,捷克,163443.0
202608,41,第41章  生皮（毛皮除外）及皮革,402,阿根廷,9410170.0
202608,41,第41章  生皮（毛皮除外）及皮革,412,智利,662012.0
202608,41,第41章  生皮（毛皮除外）及皮革,413,哥伦比亚,248406.0
202608,41,第41章  生皮（毛皮除外）及皮革,418,多米尼加,31600.0
202608,41,第41章  生皮（毛皮除外）及皮革,419,厄瓜多尔,230755.0
202608,41,第41章  生皮（毛皮除外）及皮革,433,巴拉圭,714552.0
202608,41,第41章  生皮（毛皮除外）及皮革,434,秘鲁,727490.0
202608,41,第41章  生皮（毛皮除外）及皮革,609,新西兰,6634231.0
202608,42,第42章  皮革制品；鞍具及挽具；旅行用品、手提包及类似容器；动物肠线（蚕胶丝除外）制品,101,阿富汗,43.0
202608,42,第42章  皮革制品；鞍具及挽具；旅行用品、手提包及类似容器；动物肠线（蚕胶丝除外）制品,103,孟加拉国,6734353.0
202608,42,第42章  皮革制品；鞍具及挽具；旅行用品、手提包及类似容器；动物肠线（蚕胶丝除外）制品,106,缅甸,5541601.0
202608,42,第42章  皮革制品；鞍具及挽具；旅行用品、手提包及类似容器；动物肠线（蚕胶丝除外）制品,107,柬埔寨,21731308.0
202608,42,第42章  皮革制品；鞍具及挽具；旅行用品、手提包及类似容器；动物肠线（蚕胶丝除外）制品,115,以色列,645658.0
202608,42,第42章  皮革制品；鞍具及挽具；旅行用品、手提包及类似容器；动物肠线（蚕胶丝除外）制品,121,中国澳门,9.0
202608,42,第42章  皮革制品；鞍具及挽具；旅行用品、手提包及类似容器；动物肠线（蚕胶丝除外）制品,134,斯里兰卡,339458.0
202608,42,第42章  皮革制品；鞍具及挽具；旅行用品、手提包及类似容器；动物肠线（蚕胶丝除外）制品,144,东帝汶,121.0
202608,42,第42章  皮革制品；鞍具及挽具；旅行用品、手提包及类似容器；动物肠线（蚕胶丝除外）制品,232,摩洛哥,262144.0
202608,42,第42章  皮革制品；鞍具及挽具；旅行用品、手提包及类似容器；动物肠线（蚕胶丝除外）制品,302,丹麦,8099.0
202608,42,第42章  皮革制品；鞍具及挽具；旅行用品、手提包及类似容器；动物肠线（蚕胶丝除外）制品,311,葡萄牙,489329.0
202608,42,第42章  皮革制品；鞍具及挽具；旅行用品、手提包及类似容器；动物肠线（蚕胶丝除外）制品,328,罗马尼亚,2343740.0
202608,42,第42章  皮革制品；鞍具及挽具；旅行用品、手提包及类似容器；动物肠线（蚕胶丝除外）制品,329,圣马力诺,1997.0
202608,42,第42章  皮革制品；鞍具及挽具；旅行用品、手提包及类似容器；动物肠线（蚕胶丝除外）制品,330,瑞典,33087.0
202608,42,第42章  皮革制品；鞍具及挽具；旅行用品、手提包及类似容器；动物肠线（蚕胶丝除外）制品,331,瑞士,127166.0
202608,42,第42章  皮革制品；鞍具及挽具；旅行用品、手提包及类似容器；动物肠线（蚕胶丝除外）制品,334,爱沙尼亚,14729.0
202608,42,第42章  皮革制品；鞍具及挽具；旅行用品、手提包及类似容器；动物肠线（蚕胶丝除外）制品,335,拉脱维亚,106165.0
202608,42,第42章  皮革制品；鞍具及挽具；旅行用品、手提包及类似容器；动物肠线（蚕胶丝除外）制品,343,摩尔多瓦,300412.0
202608,42,第42章  皮革制品；鞍具及挽具；旅行用品、手提包及类似容器；动物肠线（蚕胶丝除外）制品,347,乌克兰,4797.0
202608,42,第42章  皮革制品；鞍具及挽具；旅行用品、手提包及类似容器；动物肠线（蚕胶丝除外）制品,352,捷克,916226.0
202608,42,第42章  皮革制品；鞍具及挽具；旅行用品、手提包及类似容器；动物肠线（蚕胶丝除外）制品,353,斯洛伐克,90428.0
202608,42,第42章  皮革制品；鞍具及挽具；旅行用品、手提包及类似容器；动物肠线（蚕胶丝除外）制品,355,波斯尼亚和黑塞哥维那,4234.0
202608,42,第42章  皮革制品；鞍具及挽具；旅行用品、手提包及类似容器；动物肠线（蚕胶丝除外）制品,402,阿根廷,39.0
202608,42,第42章  皮革制品；鞍具及挽具；旅行用品、手提包及类似容器；动物肠线（蚕胶丝除外）制品,412,智利,60.0
202608,42,第42章  皮革制品；鞍具及挽具；旅行用品、手提包及类似容器；动物肠线（蚕胶丝除外）制品,413,哥伦比亚,103526.0
202608,42,第42章  皮革制品；鞍具及挽具；旅行用品、手提包及类似容器；动物肠线（蚕胶丝除外）制品,423,危地马拉,2339.0
202608,42,第42章  皮革制品；鞍具及挽具；旅行用品、手提包及类似容器；动物肠线（蚕胶丝除外）制品,432,巴拿马,101.0
202608,42,第42章  皮革制品；鞍具及挽具；旅行用品、手提包及类似容器；动物肠线（蚕胶丝除外）制品,434,秘鲁,10247.0
202608,42,第42章  皮革制品；鞍具及挽具；旅行用品、手提包及类似容器；动物肠线（蚕胶丝除外）制品,445,委内瑞拉,385.0
202608,42,第42章  皮革制品；鞍具及挽具；旅行用品、手提包及类似容器；动物肠线（蚕胶丝除外）制品,609,新西兰,1124.0
202608,43,第43章  毛皮、人造毛皮及其制品,101,阿富汗,143.0
202608,43,第43章  毛皮、人造毛皮及其制品,103,孟加拉国,301.0
202608,43,第43章  毛皮、人造毛皮及其制品,107,柬埔寨,60992187.0
202608,43,第43章  毛皮、人造毛皮及其制品,302,丹麦,7335.0
202608,43,第43章  毛皮、人造毛皮及其制品,328,罗马尼亚,688301.0
202608,43,第43章  毛皮、人造毛皮及其制品,343,摩尔多瓦,29834.0
202608,43,第43章  毛皮、人造毛皮及其制品,347,乌克兰,3024.0
202608,43,第43章  毛皮、人造毛皮及其制品,402,阿根廷,6050.0
202608,43,第43章  毛皮、人造毛皮及其制品,434,秘鲁,37809.0
202608,44,第44章  木及木制品；木炭,103,孟加拉国,114096.0
202608,44,第44章  木及木制品；木炭,106,缅甸,12918490.0
202608,44,第44章  木及木制品；木炭,107,柬埔寨,4443231.0
202608,44,第44章  木及木制品；木炭,114,伊拉克,102.0
202608,44,第44章  木及木制品；木炭,115,以色列,238.0
202608,44,第44章  木及木制品；木炭,130,卡塔尔,28.0
202608,44,第44章  木及木制品；木炭,134,斯里兰卡,264721.0
202608,44,第44章  木及木制品；木炭,215,埃及,388.0
202608,44,第44章  木及木制品；木炭,216,赤道几内亚,2094770.0
202608,44,第44章  木及木制品；木炭,232,摩洛哥,79706.0
202608,44,第44章  木及木制品；木炭,236,尼日利亚,1177563.0
202608,44,第44章  木及木制品；木炭,247,坦桑尼亚,457335.0
202608,44,第44章  木及木制品；木炭,253,赞比亚,308884.0
202608,44,第44章  木及木制品；木炭,302,丹麦,2601964.0
202608,44,第44章  木及木制品；木炭,308,卢森堡,130510.0
202608,44,第44章  木及木制品；木炭,311,葡萄牙,72194.0
202608,44,第44章  木及木制品；木炭,328,罗马尼亚,9039306.0
202608,44,第44章  木及木制品；木炭,330,瑞典,4669215.0
202608,44,第44章  木及木制品；木炭,331,瑞士,454371.0
202608,44,第44章  木及木制品；木炭,334,爱沙尼亚,1017155.0
202608,44,第44章  木及木制品；木炭,335,拉脱维亚,8384138.0
202608,44,第44章  木及木制品；木炭,347,乌克兰,1040588.0
202608,44,第44章  木及木制品；木炭,352,捷克,2392731.0
202608,44,第44章  木及木制品；木炭,353,斯洛伐克,7736249.0
202608,44,第44章  木及木制品；木炭,355,波斯尼亚和黑塞哥维那,3103888.0
202608,44,第44章  木及木制品；木炭,402,阿根廷,982647.0
202608,44,第44章  木及木制品；木炭,411,开曼群岛,334.0
202608,44,第44章  木及木制品；木炭,412,智利,14892116.0
202608,44,第44章  木及木制品；木炭,413,哥伦比亚,463357.0
202608,44,第44章  木及木制品；木炭,418,多米尼加,172.0
202608,44,第44章  木及木制品；木炭,419,厄瓜多尔,14007789.0
202608,44,第44章  木及木制品；木炭,426,洪都拉斯,1077.0
202608,44,第44章  木及木制品；木炭,432,巴拿马,837533.0
202608,44,第44章  木及木制品；木炭,433,巴拉圭,184552.0
202608,44,第44章  木及木制品；木炭,434,秘鲁,389483.0
202608,44,第44章  木及木制品；木炭,445,委内瑞拉,907967.0
202608,44,第44章  木及木制品；木炭,603,斐济,6652896.0
202608,44,第44章  木及木制品；木炭,609,新西兰,211429223.0
202608,44,第44章  木及木制品；木炭,611,巴布亚新几内亚,33997725.0
202608,44,第44章  木及木制品；木炭,613,所罗门群岛,6601441.0
202608,45,第45章  软木及软木制品,201,阿尔及利亚,194814.0
202608,45,第45章  软木及软木制品,311,葡萄牙,1958259.0
202608,46,第46章  稻草、秸秆、针茅或其他编结材料制品；篮筐及柳条编结品,103,孟加拉国,15662.0
202608,46,第46章  稻草、秸秆、针茅或其他编结材料制品；篮筐及柳条编结品,106,缅甸,27303.0
202608,46,第46章  稻草、秸秆、针茅或其他编结材料制品；篮筐及柳条编结品,134,斯里兰卡,3214.0
202608,46,第46章  稻草、秸秆、针茅或其他编结材料制品；篮筐及柳条编结品,302,丹麦,228.0
202608,46,第46章  稻草、秸秆、针茅或其他编结材料制品；篮筐及柳条编结品,311,葡萄牙,1770.0
202608,46,第46章  稻草、秸秆、针茅或其他编结材料制品；篮筐及柳条编结品,347,乌克兰,116.0
202608,46,第46章  稻草、秸秆、针茅或其他编结材料制品；篮筐及柳条编结品,354,北马其顿,3826.0
202608,46,第46章  稻草、秸秆、针茅或其他编结材料制品；篮筐及柳条编结品,413,哥伦比亚,1822.0
202608,47,第47章  木浆及其他纤维状纤维素浆；回收（废碎）纸及纸板,121,中国澳门,603955.0
202608,47,第47章  木浆及其他纤维状纤维素浆；回收（废碎）纸及纸板,311,葡萄牙,7154823.0
202608,47,第47章  木浆及其他纤维状纤维素浆；回收（废碎）纸及纸板,330,瑞典,50154389.0
202608,47,第47章  木浆及其他纤维状纤维素浆；回收（废碎）纸及纸板,352,捷克,12049307.0
202608,47,第47章  木浆及其他纤维状纤维素浆；回收（废碎）纸及纸板,402,阿根廷,4592422.0
202608,47,第47章  木浆及其他纤维状纤维素浆；回收（废碎）纸及纸板,412,智利,157222347.0
202608,47,第47章  木浆及其他纤维状纤维素浆；回收（废碎）纸及纸板,418,多米尼加,410702.0
202608,47,第47章  木浆及其他纤维状纤维素浆；回收（废碎）纸及纸板,609,新西兰,14944621.0
202608,48,第48章  纸及纸板；纸浆、纸或纸板制品,103,孟加拉国,11817.0
202608,48,第48章  纸及纸板；纸浆、纸或纸板制品,106,缅甸,74720.0
202608,48,第48章  纸及纸板；纸浆、纸或纸板制品,107,柬埔寨,16952.0
202608,48,第48章  纸及纸板；纸浆、纸或纸板制品,115,以色列,466475.0
202608,48,第48章  纸及纸板；纸浆、纸或纸板制品,117,约旦,678.0
202608,48,第48章  纸及纸板；纸浆、纸或纸板制品,121,中国澳门,109.0
202608,48,第48章  纸及纸板；纸浆、纸或纸板制品,130,卡塔尔,588.0
202608,48,第48章  纸及纸板；纸浆、纸或纸板制品,131,沙特阿拉伯,849.0
202608,48,第48章  纸及纸板；纸浆、纸或纸板制品,134,斯里兰卡,216.0
202608,48,第48章  纸及纸板；纸浆、纸或纸板制品,201,阿尔及利亚,343.0
202608,48,第48章  纸及纸板；纸浆、纸或纸板制品,215,埃及,4624.0
202608,48,第48章  纸及纸板；纸浆、纸或纸板制品,232,摩洛哥,1096.0
202608,48,第48章  纸及纸板；纸浆、纸或纸板制品,236,尼日利亚,6610.0
202608,48,第48章  纸及纸板；纸浆、纸或纸板制品,302,丹麦,1146681.0
202608,48,第48章  纸及纸板；纸浆、纸或纸板制品,308,卢森堡,35294.0
202608,48,第48章  纸及纸板；纸浆、纸或纸板制品,311,葡萄牙,633031.0
202608,48,第48章  纸及纸板；纸浆、纸或纸板制品,328,罗马尼亚,10510.0
202608,48,第48章  纸及纸板；纸浆、纸或纸板制品,330,瑞典,25557164.0
202608,48,第48章  纸及纸板；纸浆、纸或纸板制品,331,瑞士,3622348.0
202608,48,第48章  纸及纸板；纸浆、纸或纸板制品,334,爱沙尼亚,80.0
202608,48,第48章  纸及纸板；纸浆、纸或纸板制品,343,摩尔多瓦,1610.0
202608,48,第48章  纸及纸板；纸浆、纸或纸板制品,347,乌克兰,2835378.0
202608,48,第48章  纸及纸板；纸浆、纸或纸板制品,352,捷克,501048.0
202608,48,第48章  纸及纸板；纸浆、纸或纸板制品,353,斯洛伐克,18900.0
202608,48,第48章  纸及纸板；纸浆、纸或纸板制品,402,阿根廷,377.0
202608,48,第48章  纸及纸板；纸浆、纸或纸板制品,412,智利,1562.0
202608,48,第48章  纸及纸板；纸浆、纸或纸板制品,413,哥伦比亚,4932.0
202608,48,第48章  纸及纸板；纸浆、纸或纸板制品,419,厄瓜多尔,4032.0
202608,48,第48章  纸及纸板；纸浆、纸或纸板制品,434,秘鲁,7339.0
202608,48,第48章  纸及纸板；纸浆、纸或纸板制品,445,委内瑞拉,1460.0
202608,48,第48章  纸及纸板；纸浆、纸或纸板制品,609,新西兰,544436.0
202608,49,第49章  书籍、报纸、印刷图画及其他印刷品；手稿、打字稿及设计图纸,115,以色列,1158455.0
202608,49,第49章  书籍、报纸、印刷图画及其他印刷品；手稿、打字稿及设计图纸,121,中国澳门,2523.0
202608,49,第49章  书籍、报纸、印刷图画及其他印刷品；手稿、打字稿及设计图纸,131,沙特阿拉伯,2873.0
202608,49,第49章  书籍、报纸、印刷图画及其他印刷品；手稿、打字稿及设计图纸,134,斯里兰卡,717.0
202608,49,第49章  书籍、报纸、印刷图画及其他印刷品；手稿、打字稿及设计图纸,146,吉尔吉斯斯坦,280.0
202608,49,第49章  书籍、报纸、印刷图画及其他印刷品；手稿、打字稿及设计图纸,215,埃及,48964.0
202608,49,第49章  书籍、报纸、印刷图画及其他印刷品；手稿、打字稿及设计图纸,302,丹麦,566465.0
202608,49,第49章  书籍、报纸、印刷图画及其他印刷品；手稿、打字稿及设计图纸,311,葡萄牙,4928.0
202608,49,第49章  书籍、报纸、印刷图画及其他印刷品；手稿、打字稿及设计图纸,328,罗马尼亚,95774.0
202608,49,第49章  书籍、报纸、印刷图画及其他印刷品；手稿、打字稿及设计图纸,330,瑞典,424204.0
202608,49,第49章  书籍、报纸、印刷图画及其他印刷品；手稿、打字稿及设计图纸,331,瑞士,1013509.0
202608,49,第49章  书籍、报纸、印刷图画及其他印刷品；手稿、打字稿及设计图纸,334,爱沙尼亚,34.0
202608,49,第49章  书籍、报纸、印刷图画及其他印刷品；手稿、打字稿及设计图纸,335,拉脱维亚,63760.0
202608,49,第49章  书籍、报纸、印刷图画及其他印刷品；手稿、打字稿及设计图纸,343,摩尔多瓦,486.0
202608,49,第49章  书籍、报纸、印刷图画及其他印刷品；手稿、打字稿及设计图纸,347,乌克兰,834.0
202608,49,第49章  书籍、报纸、印刷图画及其他印刷品；手稿、打字稿及设计图纸,352,捷克,1278727.0
202608,49,第49章  书籍、报纸、印刷图画及其他印刷品；手稿、打字稿及设计图纸,353,斯洛伐克,10098.0
202608,49,第49章  书籍、报纸、印刷图画及其他印刷品；手稿、打字稿及设计图纸,355,波斯尼亚和黑塞哥维那,643.0
202608,49,第49章  书籍、报纸、印刷图画及其他印刷品；手稿、打字稿及设计图纸,413,哥伦比亚,101.0
202608,49,第49章  书籍、报纸、印刷图画及其他印刷品；手稿、打字稿及设计图纸,434,秘鲁,83704.0
202608,49,第49章  书籍、报纸、印刷图画及其他印刷品；手稿、打字稿及设计图纸,445,委内瑞拉,155.0
202608,49,第49章  书籍、报纸、印刷图画及其他印刷品；手稿、打字稿及设计图纸,609,新西兰,146253.0
202608,50,第50章  蚕丝,106,缅甸,2275113.0
202608,50,第50章  蚕丝,311,葡萄牙,5.0
202608,50,第50章  蚕丝,426,洪都拉斯,8948.0
202608,51,第51章  羊毛、动物细毛或粗毛；马毛纱线及其机织物,106,缅甸,15065.0
202608,51,第51章  羊毛、动物细毛或粗毛；马毛纱线及其机织物,131,沙特阿拉伯,59809.0
202608,51,第51章  羊毛、动物细毛或粗毛；马毛纱线及其机织物,146,吉尔吉斯斯坦,115458.0
202608,51,第51章  羊毛、动物细毛或粗毛；马毛纱线及其机织物,201,阿尔及利亚,431181.0
202608,51,第51章  羊毛、动物细毛或粗毛；马毛纱线及其机织物,232,摩洛哥,42398.0
202608,51,第51章  羊毛、动物细毛或粗毛；马毛纱线及其机织物,302,丹麦,6041.0
202608,51,第51章  羊毛、动物细毛或粗毛；马毛纱线及其机织物,311,葡萄牙,593642.0
202608,51,第51章  羊毛、动物细毛或粗毛；马毛纱线及其机织物,328,罗马尼亚,51625.0
202608,51,第51章  羊毛、动物细毛或粗毛；马毛纱线及其机织物,352,捷克,109781.0
202608,51,第51章  羊毛、动物细毛或粗毛；马毛纱线及其机织物,402,阿根廷,7996567.0
202608,51,第51章  羊毛、动物细毛或粗毛；马毛纱线及其机织物,412,智利,1331061.0
202608,51,第51章  羊毛、动物细毛或粗毛；马毛纱线及其机织物,418,多米尼加,15246.0
202608,51,第51章  羊毛、动物细毛或粗毛；马毛纱线及其机织物,423,危地马拉,12033.0
202608,51,第51章  羊毛、动物细毛或粗毛；马毛纱线及其机织物,434,秘鲁,6371530.0
202608,51,第51章  羊毛、动物细毛或粗毛；马毛纱线及其机织物,609,新西兰,10956653.0
202608,52,第52章  棉花,101,阿富汗,6436969.0
202608,52,第52章  棉花,103,孟加拉国,7633406.0
202608,52,第52章  棉花,107,柬埔寨,1132510.0
202608,52,第52章  棉花,115,以色列,1671700.0
202608,52,第52章  棉花,128,巴勒斯坦,3949.0
202608,52,第52章  棉花,215,埃及,1797109.0
202608,52,第52章  棉花,229,马里,69417.0
202608,52,第52章  棉花,251,布基纳法索,287789.0
202608,52,第52章  棉花,302,丹麦,10174.0
202608,52,第52章  棉花,311,葡萄牙,48647.0
202608,52,第52章  棉花,331,瑞士,180013.0
202608,52,第52章  棉花,352,捷克,291804.0
202608,52,第52章  棉花,354,北马其顿,471.0
202608,52,第52章  棉花,418,多米尼加,30.0
202608,53,第53章  其他植物纺织纤维；纸纱线及其机织物,103,孟加拉国,6999519.0
202608,53,第53章  其他植物纺织纤维；纸纱线及其机织物,130,卡塔尔,1271.0
202608,53,第53章  其他植物纺织纤维；纸纱线及其机织物,134,斯里兰卡,482049.0
202608,53,第53章  其他植物纺织纤维；纸纱线及其机织物,215,埃及,10849437.0
202608,53,第53章  其他植物纺织纤维；纸纱线及其机织物,247,坦桑尼亚,1901759.0
202608,53,第53章  其他植物纺织纤维；纸纱线及其机织物,352,捷克,2969.0
202608,53,第53章  其他植物纺织纤维；纸纱线及其机织物,412,智利,2014.0
202608,54,第54章  化学纤维长丝；化学纤维纺织材料制扁条及类似品,103,孟加拉国,1515.0
202608,54,第54章  化学纤维长丝；化学纤维纺织材料制扁条及类似品,107,柬埔寨,119504.0
202608,54,第54章  化学纤维长丝；化学纤维纺织材料制扁条及类似品,115,以色列,852217.0
202608,54,第54章  化学纤维长丝；化学纤维纺织材料制扁条及类似品,134,斯里兰卡,809228.0
202608,54,第54章  化学纤维长丝；化学纤维纺织材料制扁条及类似品,215,埃及,78012.0
202608,54,第54章  化学纤维长丝；化学纤维纺织材料制扁条及类似品,308,卢森堡,6264.0
202608,54,第54章  化学纤维长丝；化学纤维纺织材料制扁条及类似品,311,葡萄牙,296210.0
202608,54,第54章  化学纤维长丝；化学纤维纺织材料制扁条及类似品,328,罗马尼亚,59479.0
202608,54,第54章  化学纤维长丝；化学纤维纺织材料制扁条及类似品,330,瑞典,97145.0
202608,54,第54章  化学纤维长丝；化学纤维纺织材料制扁条及类似品,331,瑞士,140085.0
202608,54,第54章  化学纤维长丝；化学纤维纺织材料制扁条及类似品,334,爱沙尼亚,3418.0
202608,54,第54章  化学纤维长丝；化学纤维纺织材料制扁条及类似品,352,捷克,2728.0
202608,54,第54章  化学纤维长丝；化学纤维纺织材料制扁条及类似品,412,智利,7942.0
202608,54,第54章  化学纤维长丝；化学纤维纺织材料制扁条及类似品,426,洪都拉斯,92449.0
202608,55,第55章  化学纤维短纤,103,孟加拉国,874.0
202608,55,第55章  化学纤维短纤,134,斯里兰卡,60.0
202608,55,第55章  化学纤维短纤,215,埃及,21903.0
202608,55,第55章  化学纤维短纤,302,丹麦,26163.0
202608,55,第55章  化学纤维短纤,311,葡萄牙,150180.0
202608,55,第55章  化学纤维短纤,328,罗马尼亚,15658.0
202608,55,第55章  化学纤维短纤,331,瑞士,2193858.0
202608,55,第55章  化学纤维短纤,352,捷克,7938.0
202608,55,第55章  化学纤维短纤,353,斯洛伐克,8596.0
202608,55,第55章  化学纤维短纤,412,智利,208.0
202608,55,第55章  化学纤维短纤,434,秘鲁,1617369.0
202608,56,第56章  絮胎、毡呢及无纺织物；特种纱线；线、绳、索、缆及其制品,103,孟加拉国,22652.0
202608,56,第56章  絮胎、毡呢及无纺织物；特种纱线；线、绳、索、缆及其制品,107,柬埔寨,963.0
202608,56,第56章  絮胎、毡呢及无纺织物；特种纱线；线、绳、索、缆及其制品,115,以色列,326.0
202608,56,第56章  絮胎、毡呢及无纺织物；特种纱线；线、绳、索、缆及其制品,134,斯里兰卡,67938.0
202608,56,第56章  絮胎、毡呢及无纺织物；特种纱线；线、绳、索、缆及其制品,215,埃及,79762.0
202608,56,第56章  絮胎、毡呢及无纺织物；特种纱线；线、绳、索、缆及其制品,302,丹麦,38366.0
202608,56,第56章  絮胎、毡呢及无纺织物；特种纱线；线、绳、索、缆及其制品,308,卢森堡,5804497.0
202608,56,第56章  絮胎、毡呢及无纺织物；特种纱线；线、绳、索、缆及其制品,311,葡萄牙,537869.0
202608,56,第56章  絮胎、毡呢及无纺织物；特种纱线；线、绳、索、缆及其制品,328,罗马尼亚,27847.0
202608,56,第56章  絮胎、毡呢及无纺织物；特种纱线；线、绳、索、缆及其制品,330,瑞典,141159.0
202608,56,第56章  絮胎、毡呢及无纺织物；特种纱线；线、绳、索、缆及其制品,331,瑞士,324614.0
202608,56,第56章  絮胎、毡呢及无纺织物；特种纱线；线、绳、索、缆及其制品,334,爱沙尼亚,155089.0
202608,56,第56章  絮胎、毡呢及无纺织物；特种纱线；线、绳、索、缆及其制品,335,拉脱维亚,20598.0
202608,56,第56章  絮胎、毡呢及无纺织物；特种纱线；线、绳、索、缆及其制品,347,乌克兰,88125.0
202608,56,第56章  絮胎、毡呢及无纺织物；特种纱线；线、绳、索、缆及其制品,352,捷克,303839.0
202608,56,第56章  絮胎、毡呢及无纺织物；特种纱线；线、绳、索、缆及其制品,353,斯洛伐克,16674.0
202608,56,第56章  絮胎、毡呢及无纺织物；特种纱线；线、绳、索、缆及其制品,609,新西兰,40633.0
202608,57,第57章  地毯及纺织材料的其他铺地制品,101,阿富汗,59434.0
202608,57,第57章  地毯及纺织材料的其他铺地制品,103,孟加拉国,316895.0
202608,57,第57章  地毯及纺织材料的其他铺地制品,134,斯里兰卡,20979.0
202608,57,第57章  地毯及纺织材料的其他铺地制品,215,埃及,545101.0
202608,57,第57章  地毯及纺织材料的其他铺地制品,302,丹麦,12815.0
202608,57,第57章  地毯及纺织材料的其他铺地制品,311,葡萄牙,75246.0
202608,57,第57章  地毯及纺织材料的其他铺地制品,330,瑞典,1645.0
202608,57,第57章  地毯及纺织材料的其他铺地制品,331,瑞士,166581.0
202608,57,第57章  地毯及纺织材料的其他铺地制品,352,捷克,1303.0
202608,57,第57章  地毯及纺织材料的其他铺地制品,413,哥伦比亚,1595.0
202608,57,第57章  地毯及纺织材料的其他铺地制品,609,新西兰,14116.0
202608,58,第58章  特种机织物；簇绒织物；花边；装饰毯；装饰带；刺绣品,101,阿富汗,2772.0
202608,58,第58章  特种机织物；簇绒织物；花边；装饰毯；装饰带；刺绣品,103,孟加拉国,6855.0
202608,58,第58章  特种机织物；簇绒织物；花边；装饰毯；装饰带；刺绣品,106,缅甸,142995.0
202608,58,第58章  特种机织物；簇绒织物；花边；装饰毯；装饰带；刺绣品,107,柬埔寨,988.0
202608,58,第58章  特种机织物；簇绒织物；花边；装饰毯；装饰带；刺绣品,134,斯里兰卡,234786.0
202608,58,第58章  特种机织物；簇绒织物；花边；装饰毯；装饰带；刺绣品,215,埃及,1247.0
202608,58,第58章  特种机织物；簇绒织物；花边；装饰毯；装饰带；刺绣品,302,丹麦,22624.0
202608,58,第58章  特种机织物；簇绒织物；花边；装饰毯；装饰带；刺绣品,311,葡萄牙,44238.0
202608,58,第58章  特种机织物；簇绒织物；花边；装饰毯；装饰带；刺绣品,328,罗马尼亚,12629.0
202608,58,第58章  特种机织物；簇绒织物；花边；装饰毯；装饰带；刺绣品,330,瑞典,14357.0
202608,58,第58章  特种机织物；簇绒织物；花边；装饰毯；装饰带；刺绣品,331,瑞士,567766.0
202608,58,第58章  特种机织物；簇绒织物；花边；装饰毯；装饰带；刺绣品,343,摩尔多瓦,6.0
202608,58,第58章  特种机织物；簇绒织物；花边；装饰毯；装饰带；刺绣品,352,捷克,11197.0
202608,58,第58章  特种机织物；簇绒织物；花边；装饰毯；装饰带；刺绣品,413,哥伦比亚,21378.0
202608,58,第58章  特种机织物；簇绒织物；花边；装饰毯；装饰带；刺绣品,423,危地马拉,21966.0
202608,58,第58章  特种机织物；簇绒织物；花边；装饰毯；装饰带；刺绣品,434,秘鲁,2445.0
202608,58,第58章  特种机织物；簇绒织物；花边；装饰毯；装饰带；刺绣品,603,斐济,28.0
202608,59,第59章  浸渍、涂布、包覆或层压的纺织物；工业用纺织制品,107,柬埔寨,15871.0
202608,59,第59章  浸渍、涂布、包覆或层压的纺织物；工业用纺织制品,115,以色列,1854896.0
202608,59,第59章  浸渍、涂布、包覆或层压的纺织物；工业用纺织制品,134,斯里兰卡,93752.0
202608,59,第59章  浸渍、涂布、包覆或层压的纺织物；工业用纺织制品,232,摩洛哥,14553.0
202608,59,第59章  浸渍、涂布、包覆或层压的纺织物；工业用纺织制品,302,丹麦,49839.0
202608,59,第59章  浸渍、涂布、包覆或层压的纺织物；工业用纺织制品,311,葡萄牙,805420.0
202608,59,第59章  浸渍、涂布、包覆或层压的纺织物；工业用纺织制品,328,罗马尼亚,49512.0
202608,59,第59章  浸渍、涂布、包覆或层压的纺织物；工业用纺织制品,330,瑞典,454841.0
202608,59,第59章  浸渍、涂布、包覆或层压的纺织物；工业用纺织制品,331,瑞士,2011517.0
202608,59,第59章  浸渍、涂布、包覆或层压的纺织物；工业用纺织制品,334,爱沙尼亚,252.0
202608,59,第59章  浸渍、涂布、包覆或层压的纺织物；工业用纺织制品,335,拉脱维亚,2076.0
202608,59,第59章  浸渍、涂布、包覆或层压的纺织物；工业用纺织制品,352,捷克,183149.0
202608,59,第59章  浸渍、涂布、包覆或层压的纺织物；工业用纺织制品,353,斯洛伐克,714.0
202608,59,第59章  浸渍、涂布、包覆或层压的纺织物；工业用纺织制品,413,哥伦比亚,6898.0
202608,59,第59章  浸渍、涂布、包覆或层压的纺织物；工业用纺织制品,609,新西兰,62215.0
202608,60,第60章  针织物及钩编织物,103,孟加拉国,4600.0
202608,60,第60章  针织物及钩编织物,107,柬埔寨,82792.0
202608,60,第60章  针织物及钩编织物,117,约旦,8075.0
202608,60,第60章  针织物及钩编织物,134,斯里兰卡,19582.0
202608,60,第60章  针织物及钩编织物,302,丹麦,13229.0
202608,60,第60章  针织物及钩编织物,311,葡萄牙,2024.0
202608,60,第60章  针织物及钩编织物,330,瑞典,1190.0
202608,60,第60章  针织物及钩编织物,331,瑞士,77278.0
202608,60,第60章  针织物及钩编织物,352,捷克,1304.0
202608,60,第60章  针织物及钩编织物,353,斯洛伐克,44978.0
202608,60,第60章  针织物及钩编织物,402,阿根廷,44.0
202608,60,第60章  针织物及钩编织物,434,秘鲁,260.0
202608,60,第60章  针织物及钩编织物,609,新西兰,55.0
202608,61,第61章  针织或钩编的服装及衣着附件,101,阿富汗,161.0
202608,61,第61章  针织或钩编的服装及衣着附件,103,孟加拉国,14177718.0
202608,61,第61章  针织或钩编的服装及衣着附件,106,缅甸,749541.0
202608,61,第61章  针织或钩编的服装及衣着附件,107,柬埔寨,33306043.0
202608,61,第61章  针织或钩编的服装及衣着附件,115,以色列,878.0
202608,61,第61章  针织或钩编的服装及衣着附件,117,约旦,2949613.0
202608,61,第61章  针织或钩编的服装及衣着附件,121,中国澳门,665314.0
202608,61,第61章  针织或钩编的服装及衣着附件,128,巴勒斯坦,334.0
202608,61,第61章  针织或钩编的服装及衣着附件,134,斯里兰卡,13364747.0
202608,61,第61章  针织或钩编的服装及衣着附件,201,阿尔及利亚,159.0
202608,61,第61章  针织或钩编的服装及衣着附件,215,埃及,699049.0
202608,61,第61章  针织或钩编的服装及衣着附件,232,摩洛哥,1400616.0
202608,61,第61章  针织或钩编的服装及衣着附件,236,尼日利亚,155.0
202608,61,第61章  针织或钩编的服装及衣着附件,302,丹麦,8793.0
202608,61,第61章  针织或钩编的服装及衣着附件,311,葡萄牙,20754929.0
202608,61,第61章  针织或钩编的服装及衣着附件,328,罗马尼亚,8522890.0
202608,61,第61章  针织或钩编的服装及衣着附件,330,瑞典,67064.0
202608,61,第61章  针织或钩编的服装及衣着附件,331,瑞士,100717.0
202608,61,第61章  针织或钩编的服装及衣着附件,334,爱沙尼亚,2684.0
202608,61,第61章  针织或钩编的服装及衣着附件,335,拉脱维亚,55752.0
202608,61,第61章  针织或钩编的服装及衣着附件,343,摩尔多瓦,2272187.0
202608,61,第61章  针织或钩编的服装及衣着附件,347,乌克兰,28788.0
202608,61,第61章  针织或钩编的服装及衣着附件,352,捷克,39400.0
202608,61,第61章  针织或钩编的服装及衣着附件,353,斯洛伐克,4162.0
202608,61,第61章  针织或钩编的服装及衣着附件,354,北马其顿,90996.0
202608,61,第61章  针织或钩编的服装及衣着附件,355,波斯尼亚和黑塞哥维那,122666.0
202608,61,第61章  针织或钩编的服装及衣着附件,402,阿根廷,4060.0
202608,61,第61章  针织或钩编的服装及衣着附件,412,智利,566.0
202608,61,第61章  针织或钩编的服装及衣着附件,413,哥伦比亚,1203831.0
202608,61,第61章  针织或钩编的服装及衣着附件,418,多米尼加,6227.0
202608,61,第61章  针织或钩编的服装及衣着附件,419,厄瓜多尔,145881.0
202608,61,第61章  针织或钩编的服装及衣着附件,423,危地马拉,1503453.0
202608,61,第61章  针织或钩编的服装及衣着附件,426,洪都拉斯,423211.0
202608,61,第61章  针织或钩编的服装及衣着附件,434,秘鲁,3272060.0
202608,61,第61章  针织或钩编的服装及衣着附件,609,新西兰,419.0
202608,62,第62章  非针织或非钩编的服装及衣着附件,101,阿富汗,263.0
202608,62,第62章  非针织或非钩编的服装及衣着附件,103,孟加拉国,38946441.0
202608,62,第62章  非针织或非钩编的服装及衣着附件,106,缅甸,9243135.0
202608,62,第62章  非针织或非钩编的服装及衣着附件,107,柬埔寨,12782365.0
202608,62,第62章  非针织或非钩编的服装及衣着附件,115,以色列,179.0
202608,62,第62章  非针织或非钩编的服装及衣着附件,117,约旦,819439.0
202608,62,第62章  非针织或非钩编的服装及衣着附件,121,中国澳门,66.0
202608,62,第62章  非针织或非钩编的服装及衣着附件,134,斯里兰卡,4214590.0
202608,62,第62章  非针织或非钩编的服装及衣着附件,215,埃及,1801654.0
202608,62,第62章  非针织或非钩编的服装及衣着附件,232,摩洛哥,4919738.0
202608,62,第62章  非针织或非钩编的服装及衣着附件,302,丹麦,13071.0
202608,62,第62章  非针织或非钩编的服装及衣着附件,311,葡萄牙,3786456.0
202608,62,第62章  非针织或非钩编的服装及衣着附件,325,摩纳哥,21.0
202608,62,第62章  非针织或非钩编的服装及衣着附件,328,罗马尼亚,54954272.0
202608,62,第62章  非针织或非钩编的服装及衣着附件,330,瑞典,154372.0
202608,62,第62章  非针织或非钩编的服装及衣着附件,331,瑞士,162528.0
202608,62,第62章  非针织或非钩编的服装及衣着附件,334,爱沙尼亚,907.0
202608,62,第62章  非针织或非钩编的服装及衣着附件,335,拉脱维亚,34014.0
202608,62,第62章  非针织或非钩编的服装及衣着附件,343,摩尔多瓦,16364065.0
202608,62,第62章  非针织或非钩编的服装及衣着附件,347,乌克兰,223745.0
202608,62,第62章  非针织或非钩编的服装及衣着附件,352,捷克,14987.0
202608,62,第62章  非针织或非钩编的服装及衣着附件,353,斯洛伐克,80434.0
202608,62,第62章  非针织或非钩编的服装及衣着附件,354,北马其顿,6669.0
202608,62,第62章  非针织或非钩编的服装及衣着附件,355,波斯尼亚和黑塞哥维那,1663345.0
202608,62,第62章  非针织或非钩编的服装及衣着附件,412,智利,572.0
202608,62,第62章  非针织或非钩编的服装及衣着附件,413,哥伦比亚,154692.0
202608,62,第62章  非针织或非钩编的服装及衣着附件,418,多米尼加,11439.0
202608,62,第62章  非针织或非钩编的服装及衣着附件,419,厄瓜多尔,997.0
202608,62,第62章  非针织或非钩编的服装及衣着附件,423,危地马拉,215160.0
202608,62,第62章  非针织或非钩编的服装及衣着附件,426,洪都拉斯,21169.0
202608,62,第62章  非针织或非钩编的服装及衣着附件,434,秘鲁,22494.0
202608,62,第62章  非针织或非钩编的服装及衣着附件,603,斐济,10.0
202608,62,第62章  非针织或非钩编的服装及衣着附件,609,新西兰,1416.0
202608,63,第63章  其他纺织制成品；成套物品；旧衣着及旧纺织品；碎织物,103,孟加拉国,1093622.0
202608,63,第63章  其他纺织制成品；成套物品；旧衣着及旧纺织品；碎织物,106,缅甸,48084.0
202608,63,第63章  其他纺织制成品；成套物品；旧衣着及旧纺织品；碎织物,107,柬埔寨,367192.0
202608,63,第63章  其他纺织制成品；成套物品；旧衣着及旧纺织品；碎织物,115,以色列,67714.0
202608,63,第63章  其他纺织制成品；成套物品；旧衣着及旧纺织品；碎织物,121,中国澳门,431.0
202608,63,第63章  其他纺织制成品；成套物品；旧衣着及旧纺织品；碎织物,134,斯里兰卡,102843.0
202608,63,第63章  其他纺织制成品；成套物品；旧衣着及旧纺织品；碎织物,215,埃及,677.0
202608,63,第63章  其他纺织制成品；成套物品；旧衣着及旧纺织品；碎织物,302,丹麦,40413.0
202608,63,第63章  其他纺织制成品；成套物品；旧衣着及旧纺织品；碎织物,311,葡萄牙,323979.0
202608,63,第63章  其他纺织制成品；成套物品；旧衣着及旧纺织品；碎织物,328,罗马尼亚,99751.0
202608,63,第63章  其他纺织制成品；成套物品；旧衣着及旧纺织品；碎织物,330,瑞典,35400.0
202608,63,第63章  其他纺织制成品；成套物品；旧衣着及旧纺织品；碎织物,331,瑞士,28520.0
202608,63,第63章  其他纺织制成品；成套物品；旧衣着及旧纺织品；碎织物,334,爱沙尼亚,3785.0
202608,63,第63章  其他纺织制成品；成套物品；旧衣着及旧纺织品；碎织物,335,拉脱维亚,55307.0
202608,63,第63章  其他纺织制成品；成套物品；旧衣着及旧纺织品；碎织物,343,摩尔多瓦,31740.0
202608,63,第63章  其他纺织制成品；成套物品；旧衣着及旧纺织品；碎织物,347,乌克兰,786.0
202608,63,第63章  其他纺织制成品；成套物品；旧衣着及旧纺织品；碎织物,352,捷克,87674.0
202608,63,第63章  其他纺织制成品；成套物品；旧衣着及旧纺织品；碎织物,353,斯洛伐克,9560.0
202608,63,第63章  其他纺织制成品；成套物品；旧衣着及旧纺织品；碎织物,354,北马其顿,2899.0
202608,63,第63章  其他纺织制成品；成套物品；旧衣着及旧纺织品；碎织物,355,波斯尼亚和黑塞哥维那,109.0
202608,63,第63章  其他纺织制成品；成套物品；旧衣着及旧纺织品；碎织物,412,智利,1395.0
202608,63,第63章  其他纺织制成品；成套物品；旧衣着及旧纺织品；碎织物,413,哥伦比亚,662.0
202608,63,第63章  其他纺织制成品；成套物品；旧衣着及旧纺织品；碎织物,418,多米尼加,757994.0
202608,63,第63章  其他纺织制成品；成套物品；旧衣着及旧纺织品；碎织物,434,秘鲁,103736.0
202608,63,第63章  其他纺织制成品；成套物品；旧衣着及旧纺织品；碎织物,609,新西兰,1644.0
202608,64,第64章  鞋靴、护腿和类似品及其零件,103,孟加拉国,3164452.0
202608,64,第64章  鞋靴、护腿和类似品及其零件,106,缅甸,1038172.0
202608,64,第64章  鞋靴、护腿和类似品及其零件,107,柬埔寨,15028603.0
202608,64,第64章  鞋靴、护腿和类似品及其零件,114,伊拉克,17.0
202608,64,第64章  鞋靴、护腿和类似品及其零件,115,以色列,8.0
202608,64,第64章  鞋靴、护腿和类似品及其零件,121,中国澳门,4399.0
202608,64,第64章  鞋靴、护腿和类似品及其零件,128,巴勒斯坦,105.0
202608,64,第64章  鞋靴、护腿和类似品及其零件,134,斯里兰卡,960.0
202608,64,第64章  鞋靴、护腿和类似品及其零件,144,东帝汶,98.0
202608,64,第64章  鞋靴、护腿和类似品及其零件,229,马里,87.0
202608,64,第64章  鞋靴、护腿和类似品及其零件,232,摩洛哥,277960.0
202608,64,第64章  鞋靴、护腿和类似品及其零件,302,丹麦,538790.0
202608,64,第64章  鞋靴、护腿和类似品及其零件,311,葡萄牙,6212282.0
202608,64,第64章  鞋靴、护腿和类似品及其零件,328,罗马尼亚,2452796.0
202608,64,第64章  鞋靴、护腿和类似品及其零件,329,圣马力诺,186.0
202608,64,第64章  鞋靴、护腿和类似品及其零件,330,瑞典,38531.0
202608,64,第64章  鞋靴、护腿和类似品及其零件,331,瑞士,964204.0
202608,64,第64章  鞋靴、护腿和类似品及其零件,347,乌克兰,158.0
202608,64,第64章  鞋靴、护腿和类似品及其零件,352,捷克,5526.0
202608,64,第64章  鞋靴、护腿和类似品及其零件,353,斯洛伐克,1532836.0
202608,64,第64章  鞋靴、护腿和类似品及其零件,355,波斯尼亚和黑塞哥维那,78130.0
202608,64,第64章  鞋靴、护腿和类似品及其零件,402,阿根廷,226.0
202608,64,第64章  鞋靴、护腿和类似品及其零件,413,哥伦比亚,1429.0
202608,64,第64章  鞋靴、护腿和类似品及其零件,418,多米尼加,357050.0
202608,64,第64章  鞋靴、护腿和类似品及其零件,434,秘鲁,20659.0
202608,64,第64章  鞋靴、护腿和类似品及其零件,609,新西兰,293.0
202608,65,第65章  帽类及其零件,103,孟加拉国,405369.0
202608,65,第65章  帽类及其零件,106,缅甸,3202.0
202608,65,第65章  帽类及其零件,107,柬埔寨,1124742.0
202608,65,第65章  帽类及其零件,121,中国澳门,28.0
202608,65,第65章  帽类及其零件,134,斯里兰卡,28165.0
202608,65,第65章  帽类及其零件,201,阿尔及利亚,60.0
202608,65,第65章  帽类及其零件,232,摩洛哥,2106.0
202608,65,第65章  帽类及其零件,302,丹麦,36966.0
202608,65,第65章  帽类及其零件,311,葡萄牙,88655.0
202608,65,第65章  帽类及其零件,328,罗马尼亚,266732.0
202608,65,第65章  帽类及其零件,329,圣马力诺,4171.0
202608,65,第65章  帽类及其零件,330,瑞典,13173.0
202608,65,第65章  帽类及其零件,331,瑞士,9658.0
202608,65,第65章  帽类及其零件,334,爱沙尼亚,886.0
202608,65,第65章  帽类及其零件,343,摩尔多瓦,14456.0
202608,65,第65章  帽类及其零件,347,乌克兰,8187.0
202608,65,第65章  帽类及其零件,352,捷克,144293.0
202608,65,第65章  帽类及其零件,353,斯洛伐克,110.0
202608,65,第65章  帽类及其零件,355,波斯尼亚和黑塞哥维那,3307.0
202608,65,第65章  帽类及其零件,413,哥伦比亚,199.0
202608,65,第65章  帽类及其零件,419,厄瓜多尔,24818.0
202608,65,第65章  帽类及其零件,434,秘鲁,48122.0
202608,65,第65章  帽类及其零件,603,斐济,10.0
202608,65,第65章  帽类及其零件,609,新西兰,12610.0
202608,66,第66章  雨伞、阳伞、手杖、鞭子、马鞭及其零件,103,孟加拉国,39.0
202608,66,第66章  雨伞、阳伞、手杖、鞭子、马鞭及其零件,107,柬埔寨,173853.0
202608,66,第66章  雨伞、阳伞、手杖、鞭子、马鞭及其零件,134,斯里兰卡,41.0
202608,66,第66章  雨伞、阳伞、手杖、鞭子、马鞭及其零件,331,瑞士,4425.0
202608,66,第66章  雨伞、阳伞、手杖、鞭子、马鞭及其零件,352,捷克,78090.0
202608,66,第66章  雨伞、阳伞、手杖、鞭子、马鞭及其零件,609,新西兰,11.0
202608,67,第67章  已加工羽毛、羽绒及其制品；人造花；人发制品,103,孟加拉国,13380890.0
202608,67,第67章  已加工羽毛、羽绒及其制品；人造花；人发制品,106,缅甸,55833955.0
202608,67,第67章  已加工羽毛、羽绒及其制品；人造花；人发制品,107,柬埔寨,1587.0
202608,67,第67章  已加工羽毛、羽绒及其制品；人造花；人发制品,115,以色列,89870.0
202608,67,第67章  已加工羽毛、羽绒及其制品；人造花；人发制品,302,丹麦,5.0
202608,67,第67章  已加工羽毛、羽绒及其制品；人造花；人发制品,331,瑞士,9321.0
202608,68,第68章  石料、石膏、水泥、石棉、云母及类似材料的制品,106,缅甸,3839.0
202608,68,第68章  石料、石膏、水泥、石棉、云母及类似材料的制品,107,柬埔寨,1182015.0
202608,68,第68章  石料、石膏、水泥、石棉、云母及类似材料的制品,115,以色列,162913.0
202608,68,第68章  石料、石膏、水泥、石棉、云母及类似材料的制品,121,中国澳门,20.0
202608,68,第68章  石料、石膏、水泥、石棉、云母及类似材料的制品,131,沙特阿拉伯,3078.0
202608,68,第68章  石料、石膏、水泥、石棉、云母及类似材料的制品,232,摩洛哥,570.0
202608,68,第68章  石料、石膏、水泥、石棉、云母及类似材料的制品,302,丹麦,573868.0
202608,68,第68章  石料、石膏、水泥、石棉、云母及类似材料的制品,308,卢森堡,18615.0
202608,68,第68章  石料、石膏、水泥、石棉、云母及类似材料的制品,311,葡萄牙,31837.0
202608,68,第68章  石料、石膏、水泥、石棉、云母及类似材料的制品,328,罗马尼亚,1588.0
202608,68,第68章  石料、石膏、水泥、石棉、云母及类似材料的制品,330,瑞典,449867.0
202608,68,第68章  石料、石膏、水泥、石棉、云母及类似材料的制品,331,瑞士,1812433.0
202608,68,第68章  石料、石膏、水泥、石棉、云母及类似材料的制品,334,爱沙尼亚,3679.0
202608,68,第68章  石料、石膏、水泥、石棉、云母及类似材料的制品,347,乌克兰,22352.0
202608,68,第68章  石料、石膏、水泥、石棉、云母及类似材料的制品,352,捷克,602669.0
202608,68,第68章  石料、石膏、水泥、石棉、云母及类似材料的制品,353,斯洛伐克,408438.0
202608,69,第69章  陶瓷产品,103,孟加拉国,5958.0
202608,69,第69章  陶瓷产品,115,以色列,448250.0
202608,69,第69章  陶瓷产品,134,斯里兰卡,88087.0
202608,69,第69章  陶瓷产品,215,埃及,40.0
202608,69,第69章  陶瓷产品,232,摩洛哥,1739.0
202608,69,第69章  陶瓷产品,302,丹麦,129157.0
202608,69,第69章  陶瓷产品,311,葡萄牙,232018.0
202608,69,第69章  陶瓷产品,328,罗马尼亚,267033.0
202608,69,第69章  陶瓷产品,330,瑞典,48484.0
202608,69,第69章  陶瓷产品,331,瑞士,4146073.0
202608,69,第69章  陶瓷产品,334,爱沙尼亚,332.0
202608,69,第69章  陶瓷产品,335,拉脱维亚,80991.0
202608,69,第69章  陶瓷产品,347,乌克兰,32410.0
202608,69,第69章  陶瓷产品,352,捷克,1552438.0
202608,69,第69章  陶瓷产品,353,斯洛伐克,759.0
202608,69,第69章  陶瓷产品,413,哥伦比亚,430.0
202608,69,第69章  陶瓷产品,418,多米尼加,21.0
202608,69,第69章  陶瓷产品,434,秘鲁,3206.0
202608,69,第69章  陶瓷产品,609,新西兰,7916.0
202608,70,第70章  玻璃及其制品,103,孟加拉国,524.0
202608,70,第70章  玻璃及其制品,107,柬埔寨,72860.0
202608,70,第70章  玻璃及其制品,115,以色列,14897.0
202608,70,第70章  玻璃及其制品,121,中国澳门,12517.0
202608,70,第70章  玻璃及其制品,130,卡塔尔,29.0
202608,70,第70章  玻璃及其制品,131,沙特阿拉伯,2908.0
202608,70,第70章  玻璃及其制品,134,斯里兰卡,30.0
202608,70,第70章  玻璃及其制品,215,埃及,163061.0
202608,70,第70章  玻璃及其制品,229,马里,311.0
202608,70,第70章  玻璃及其制品,232,摩洛哥,345500.0
202608,70,第70章  玻璃及其制品,302,丹麦,94442.0
202608,70,第70章  玻璃及其制品,308,卢森堡,17172.0
202608,70,第70章  玻璃及其制品,311,葡萄牙,23889.0
202608,70,第70章  玻璃及其制品,323,列支敦士登,55123.0
202608,70,第70章  玻璃及其制品,328,罗马尼亚,123964.0
202608,70,第70章  玻璃及其制品,329,圣马力诺,145.0
202608,70,第70章  玻璃及其制品,330,瑞典,978988.0
202608,70,第70章  玻璃及其制品,331,瑞士,1373303.0
202608,70,第70章  玻璃及其制品,334,爱沙尼亚,2886.0
202608,70,第70章  玻璃及其制品,335,拉脱维亚,8499.0
202608,70,第70章  玻璃及其制品,352,捷克,1339368.0
202608,70,第70章  玻璃及其制品,353,斯洛伐克,213520.0
202608,70,第70章  玻璃及其制品,434,秘鲁,7.0
202608,70,第70章  玻璃及其制品,609,新西兰,1755.0
202608,71,第71章  天然或养殖珍珠、宝石或半宝石、贵金属、包贵金属及其制品；仿首饰；硬币,101,阿富汗,321007.0
202608,71,第71章  天然或养殖珍珠、宝石或半宝石、贵金属、包贵金属及其制品；仿首饰；硬币,103,孟加拉国,20705.0
202608,71,第71章  天然或养殖珍珠、宝石或半宝石、贵金属、包贵金属及其制品；仿首饰；硬币,106,缅甸,24542337.0
202608,71,第71章  天然或养殖珍珠、宝石或半宝石、贵金属、包贵金属及其制品；仿首饰；硬币,107,柬埔寨,8268.0
202608,71,第71章  天然或养殖珍珠、宝石或半宝石、贵金属、包贵金属及其制品；仿首饰；硬币,114,伊拉克,975000.0
202608,71,第71章  天然或养殖珍珠、宝石或半宝石、贵金属、包贵金属及其制品；仿首饰；硬币,115,以色列,781787.0
202608,71,第71章  天然或养殖珍珠、宝石或半宝石、贵金属、包贵金属及其制品；仿首饰；硬币,121,中国澳门,130021.0
202608,71,第71章  天然或养殖珍珠、宝石或半宝石、贵金属、包贵金属及其制品；仿首饰；硬币,130,卡塔尔,125000.0
202608,71,第71章  天然或养殖珍珠、宝石或半宝石、贵金属、包贵金属及其制品；仿首饰；硬币,131,沙特阿拉伯,778329.0
202608,71,第71章  天然或养殖珍珠、宝石或半宝石、贵金属、包贵金属及其制品；仿首饰；硬币,134,斯里兰卡,368839.0
202608,71,第71章  天然或养殖珍珠、宝石或半宝石、贵金属、包贵金属及其制品；仿首饰；硬币,215,埃及,290.0
202608,71,第71章  天然或养殖珍珠、宝石或半宝石、贵金属、包贵金属及其制品；仿首饰；硬币,226,利比亚,53496.0
202608,71,第71章  天然或养殖珍珠、宝石或半宝石、贵金属、包贵金属及其制品；仿首饰；硬币,229,马里,1436.0
202608,71,第71章  天然或养殖珍珠、宝石或半宝石、贵金属、包贵金属及其制品；仿首饰；硬币,232,摩洛哥,72011.0
202608,71,第71章  天然或养殖珍珠、宝石或半宝石、贵金属、包贵金属及其制品；仿首饰；硬币,236,尼日利亚,63665.0
202608,71,第71章  天然或养殖珍珠、宝石或半宝石、贵金属、包贵金属及其制品；仿首饰；硬币,238,卢旺达,20224.0
202608,71,第71章  天然或养殖珍珠、宝石或半宝石、贵金属、包贵金属及其制品；仿首饰；硬币,247,坦桑尼亚,104078.0
202608,71,第71章  天然或养殖珍珠、宝石或半宝石、贵金属、包贵金属及其制品；仿首饰；硬币,253,赞比亚,327386.0
202608,71,第71章  天然或养殖珍珠、宝石或半宝石、贵金属、包贵金属及其制品；仿首饰；硬币,257,斯威士兰,493.0
202608,71,第71章  天然或养殖珍珠、宝石或半宝石、贵金属、包贵金属及其制品；仿首饰；硬币,302,丹麦,86338.0
202608,71,第71章  天然或养殖珍珠、宝石或半宝石、贵金属、包贵金属及其制品；仿首饰；硬币,311,葡萄牙,1623779.0
202608,71,第71章  天然或养殖珍珠、宝石或半宝石、贵金属、包贵金属及其制品；仿首饰；硬币,323,列支敦士登,755002.0
202608,71,第71章  天然或养殖珍珠、宝石或半宝石、贵金属、包贵金属及其制品；仿首饰；硬币,325,摩纳哥,143643.0
202608,71,第71章  天然或养殖珍珠、宝石或半宝石、贵金属、包贵金属及其制品；仿首饰；硬币,328,罗马尼亚,21067.0
202608,71,第71章  天然或养殖珍珠、宝石或半宝石、贵金属、包贵金属及其制品；仿首饰；硬币,330,瑞典,1380.0
202608,71,第71章  天然或养殖珍珠、宝石或半宝石、贵金属、包贵金属及其制品；仿首饰；硬币,331,瑞士,6425856820.0
202608,71,第71章  天然或养殖珍珠、宝石或半宝石、贵金属、包贵金属及其制品；仿首饰；硬币,347,乌克兰,664.0
202608,71,第71章  天然或养殖珍珠、宝石或半宝石、贵金属、包贵金属及其制品；仿首饰；硬币,352,捷克,7686.0
202608,71,第71章  天然或养殖珍珠、宝石或半宝石、贵金属、包贵金属及其制品；仿首饰；硬币,402,阿根廷,1000.0
202608,71,第71章  天然或养殖珍珠、宝石或半宝石、贵金属、包贵金属及其制品；仿首饰；硬币,413,哥伦比亚,38590.0
202608,71,第71章  天然或养殖珍珠、宝石或半宝石、贵金属、包贵金属及其制品；仿首饰；硬币,418,多米尼加,61234.0
202608,71,第71章  天然或养殖珍珠、宝石或半宝石、贵金属、包贵金属及其制品；仿首饰；硬币,423,危地马拉,181419.0
202608,71,第71章  天然或养殖珍珠、宝石或半宝石、贵金属、包贵金属及其制品；仿首饰；硬币,434,秘鲁,43200.0
202608,71,第71章  天然或养殖珍珠、宝石或半宝石、贵金属、包贵金属及其制品；仿首饰；硬币,609,新西兰,374467.0
202608,71,第71章  天然或养殖珍珠、宝石或半宝石、贵金属、包贵金属及其制品；仿首饰；硬币,623,法属波利尼西亚,369726.0
202608,72,第72章  钢铁,106,缅甸,544953.0
202608,72,第72章  钢铁,107,柬埔寨,999530.0
202608,72,第72章  钢铁,115,以色列,9493.0
202608,72,第72章  钢铁,117,约旦,20080.0
202608,72,第72章  钢铁,134,斯里兰卡,46.0
202608,72,第72章  钢铁,215,埃及,252.0
202608,72,第72章  钢铁,236,尼日利亚,27206.0
202608,72,第72章  钢铁,302,丹麦,958093.0
202608,72,第72章  钢铁,308,卢森堡,3548.0
202608,72,第72章  钢铁,311,葡萄牙,90347.0
202608,72,第72章  钢铁,323,列支敦士登,5093.0
202608,72,第72章  钢铁,328,罗马尼亚,16457.0
202608,72,第72章  钢铁,330,瑞典,54395832.0
202608,72,第72章  钢铁,331,瑞士,1721325.0
202608,72,第72章  钢铁,334,爱沙尼亚,389.0
202608,72,第72章  钢铁,347,乌克兰,1375.0
202608,72,第72章  钢铁,352,捷克,472418.0
202608,72,第72章  钢铁,353,斯洛伐克,45677.0
202608,72,第72章  钢铁,354,北马其顿,90200.0
202608,72,第72章  钢铁,402,阿根廷,17942.0
202608,72,第72章  钢铁,413,哥伦比亚,29537431.0
202608,72,第72章  钢铁,423,危地马拉,18070007.0
202608,72,第72章  钢铁,433,巴拉圭,36.0
202608,72,第72章  钢铁,445,委内瑞拉,12969676.0
202608,72,第72章  钢铁,609,新西兰,329155.0
202608,73,第73章  钢铁制品,103,孟加拉国,2555.0
202608,73,第73章  钢铁制品,106,缅甸,305.0
202608,73,第73章  钢铁制品,107,柬埔寨,34119.0
202608,73,第73章  钢铁制品,114,伊拉克,1121.0
202608,73,第73章  钢铁制品,115,以色列,2482426.0
202608,73,第73章  钢铁制品,130,卡塔尔,30.0
202608,73,第73章  钢铁制品,131,沙特阿拉伯,1104.0
202608,73,第73章  钢铁制品,134,斯里兰卡,4199.0
202608,73,第73章  钢铁制品,201,阿尔及利亚,22.0
202608,73,第73章  钢铁制品,215,埃及,1808.0
202608,73,第73章  钢铁制品,232,摩洛哥,83467.0
202608,73,第73章  钢铁制品,236,尼日利亚,1565.0
202608,73,第73章  钢铁制品,247,坦桑尼亚,7264.0
202608,73,第73章  钢铁制品,257,斯威士兰,21.0
202608,73,第73章  钢铁制品,302,丹麦,6039805.0
202608,73,第73章  钢铁制品,308,卢森堡,767528.0
202608,73,第73章  钢铁制品,311,葡萄牙,1035735.0
202608,73,第73章  钢铁制品,322,冰岛,1794.0
202608,73,第73章  钢铁制品,323,列支敦士登,1199156.0
202608,73,第73章  钢铁制品,328,罗马尼亚,5090099.0
202608,73,第73章  钢铁制品,330,瑞典,6731213.0
202608,73,第73章  钢铁制品,331,瑞士,11542657.0
202608,73,第73章  钢铁制品,334,爱沙尼亚,40913.0
202608,73,第73章  钢铁制品,335,拉脱维亚,180034.0
202608,73,第73章  钢铁制品,347,乌克兰,6372.0
202608,73,第73章  钢铁制品,352,捷克,6041463.0
202608,73,第73章  钢铁制品,353,斯洛伐克,1259180.0
202608,73,第73章  钢铁制品,354,北马其顿,2357.0
202608,73,第73章  钢铁制品,355,波斯尼亚和黑塞哥维那,99575.0
202608,73,第73章  钢铁制品,402,阿根廷,5858.0
202608,73,第73章  钢铁制品,412,智利,4779.0
202608,73,第73章  钢铁制品,413,哥伦比亚,5198.0
202608,73,第73章  钢铁制品,418,多米尼加,2463.0
202608,73,第73章  钢铁制品,419,厄瓜多尔,213.0
202608,73,第73章  钢铁制品,423,危地马拉,144.0
202608,73,第73章  钢铁制品,432,巴拿马,2522.0
202608,73,第73章  钢铁制品,434,秘鲁,70.0
202608,73,第73章  钢铁制品,609,新西兰,83249.0
202608,74,第74章  铜及其制品,101,阿富汗,202427.0
202608,74,第74章  铜及其制品,103,孟加拉国,2702333.0
202608,74,第74章  铜及其制品,106,缅甸,28899169.0
202608,74,第74章  铜及其制品,107,柬埔寨,14208230.0
202608,74,第74章  铜及其制品,115,以色列,10861042.0
202608,74,第74章  铜及其制品,117,约旦,4277659.0
202608,74,第74章  铜及其制品,121,中国澳门,844336.0
202608,74,第74章  铜及其制品,130,卡塔尔,4831188.0
202608,74,第74章  铜及其制品,131,沙特阿拉伯,57901347.0
202608,74,第74章  铜及其制品,134,斯里兰卡,412423.0
202608,74,第74章  铜及其制品,146,吉尔吉斯斯坦,1567327.0
202608,74,第74章  铜及其制品,201,阿尔及利亚,16880610.0
202608,74,第74章  铜及其制品,215,埃及,9369958.0
202608,74,第74章  铜及其制品,226,利比亚,1034598.0
202608,74,第74章  铜及其制品,232,摩洛哥,9594144.0
202608,74,第74章  铜及其制品,236,尼日利亚,12958135.0
202608,74,第74章  铜及其制品,238,卢旺达,338260.0
202608,74,第74章  铜及其制品,247,坦桑尼亚,3428097.0
202608,74,第74章  铜及其制品,248,多哥,1488490.0
202608,74,第74章  铜及其制品,253,赞比亚,477724866.0
202608,74,第74章  铜及其制品,302,丹麦,1525674.0
202608,74,第74章  铜及其制品,308,卢森堡,8743288.0
202608,74,第74章  铜及其制品,311,葡萄牙,18708070.0
202608,74,第74章  铜及其制品,323,列支敦士登,1834.0
202608,74,第74章  铜及其制品,328,罗马尼亚,13614841.0
202608,74,第74章  铜及其制品,330,瑞典,130870.0
202608,74,第74章  铜及其制品,331,瑞士,3783585.0
202608,74,第74章  铜及其制品,334,爱沙尼亚,5735820.0
202608,74,第74章  铜及其制品,335,拉脱维亚,4770032.0
202608,74,第74章  铜及其制品,347,乌克兰,556896.0
202608,74,第74章  铜及其制品,352,捷克,1385164.0
202608,74,第74章  铜及其制品,353,斯洛伐克,419436.0
202608,74,第74章  铜及其制品,354,北马其顿,773.0
202608,74,第74章  铜及其制品,355,波斯尼亚和黑塞哥维那,861.0
202608,74,第74章  铜及其制品,402,阿根廷,3778070.0
202608,74,第74章  铜及其制品,412,智利,214032953.0
202608,74,第74章  铜及其制品,413,哥伦比亚,10838855.0
202608,74,第74章  铜及其制品,416,古巴,1304415.0
202608,74,第74章  铜及其制品,418,多米尼加,4459663.0
202608,74,第74章  铜及其制品,419,厄瓜多尔,5784407.0
202608,74,第74章  铜及其制品,423,危地马拉,920689.0
202608,74,第74章  铜及其制品,426,洪都拉斯,4302158.0
202608,74,第74章  铜及其制品,432,巴拿马,1381287.0
202608,74,第74章  铜及其制品,433,巴拉圭,2757026.0
202608,74,第74章  铜及其制品,434,秘鲁,50852719.0
202608,74,第74章  铜及其制品,445,委内瑞拉,10764203.0
202608,74,第74章  铜及其制品,609,新西兰,3747575.0
202608,75,第75章  镍及其制品,115,以色列,263411.0
202608,75,第75章  镍及其制品,302,丹麦,376.0
202608,75,第75章  镍及其制品,323,列支敦士登,8947.0
202608,75,第75章  镍及其制品,328,罗马尼亚,599.0
202608,75,第75章  镍及其制品,330,瑞典,2110349.0
202608,75,第75章  镍及其制品,331,瑞士,44168.0
202608,75,第75章  镍及其制品,352,捷克,1379756.0
202608,75,第75章  镍及其制品,611,巴布亚新几内亚,30597356.0
202608,76,第76章  铝及其制品,101,阿富汗,175000.0
202608,76,第76章  铝及其制品,103,孟加拉国,243101.0
202608,76,第76章  铝及其制品,106,缅甸,2560414.0
202608,76,第76章  铝及其制品,107,柬埔寨,9375507.0
202608,76,第76章  铝及其制品,114,伊拉克,950033.0
202608,76,第76章  铝及其制品,115,以色列,222754.0
202608,76,第76章  铝及其制品,117,约旦,2103629.0
202608,76,第76章  铝及其制品,130,卡塔尔,105063.0
202608,76,第76章  铝及其制品,131,沙特阿拉伯,2092303.0
202608,76,第76章  铝及其制品,134,斯里兰卡,68574.0
202608,76,第76章  铝及其制品,146,吉尔吉斯斯坦,595810.0
202608,76,第76章  铝及其制品,201,阿尔及利亚,162005.0
202608,76,第76章  铝及其制品,215,埃及,4841.0
202608,76,第76章  铝及其制品,232,摩洛哥,1291313.0
202608,76,第76章  铝及其制品,236,尼日利亚,565509.0
202608,76,第76章  铝及其制品,247,坦桑尼亚,233494.0
202608,76,第76章  铝及其制品,248,多哥,104647.0
202608,76,第76章  铝及其制品,253,赞比亚,436983.0
202608,76,第76章  铝及其制品,302,丹麦,3205136.0
202608,76,第76章  铝及其制品,308,卢森堡,18431.0
202608,76,第76章  铝及其制品,311,葡萄牙,25595370.0
202608,76,第76章  铝及其制品,322,冰岛,486241.0
202608,76,第76章  铝及其制品,323,列支敦士登,6737.0
202608,76,第76章  铝及其制品,328,罗马尼亚,1511577.0
202608,76,第76章  铝及其制品,330,瑞典,3434730.0
202608,76,第76章  铝及其制品,331,瑞士,754480.0
202608,76,第76章  铝及其制品,334,爱沙尼亚,305337.0
202608,76,第76章  铝及其制品,335,拉脱维亚,280927.0
202608,76,第76章  铝及其制品,347,乌克兰,1588.0
202608,76,第76章  铝及其制品,352,捷克,598371.0
202608,76,第76章  铝及其制品,353,斯洛伐克,164174.0
202608,76,第76章  铝及其制品,355,波斯尼亚和黑塞哥维那,1894.0
202608,76,第76章  铝及其制品,402,阿根廷,4220.0
202608,76,第76章  铝及其制品,412,智利,572668.0
202608,76,第76章  铝及其制品,413,哥伦比亚,337318.0
202608,76,第76章  铝及其制品,416,古巴,62392.0
202608,76,第76章  铝及其制品,418,多米尼加,335895.0
202608,76,第76章  铝及其制品,419,厄瓜多尔,1234919.0
202608,76,第76章  铝及其制品,423,危地马拉,110081.0
202608,76,第76章  铝及其制品,433,巴拉圭,334961.0
202608,76,第76章  铝及其制品,434,秘鲁,549031.0
202608,76,第76章  铝及其制品,445,委内瑞拉,830395.0
202608,76,第76章  铝及其制品,609,新西兰,4224021.0
202608,78,第78章  铅及其制品,106,缅甸,1233570.0
202608,78,第78章  铅及其制品,107,柬埔寨,4320938.0
202608,78,第78章  铅及其制品,114,伊拉克,219616.0
202608,78,第78章  铅及其制品,131,沙特阿拉伯,367814.0
202608,78,第78章  铅及其制品,146,吉尔吉斯斯坦,44520.0
202608,78,第78章  铅及其制品,215,埃及,712872.0
202608,78,第78章  铅及其制品,226,利比亚,852991.0
202608,78,第78章  铅及其制品,228,马拉维,110634.0
202608,78,第78章  铅及其制品,236,尼日利亚,111356.0
202608,78,第78章  铅及其制品,247,坦桑尼亚,533596.0
202608,78,第78章  铅及其制品,352,捷克,24645.0
202608,78,第78章  铅及其制品,412,智利,251300.0
202608,78,第78章  铅及其制品,433,巴拉圭,1552882.0
202608,78,第78章  铅及其制品,434,秘鲁,568575.0
202608,79,第79章  锌及其制品,103,孟加拉国,1448.0
202608,79,第79章  锌及其制品,302,丹麦,14206.0
202608,79,第79章  锌及其制品,330,瑞典,19539.0
202608,79,第79章  锌及其制品,331,瑞士,24239.0
202608,79,第79章  锌及其制品,352,捷克,43636.0
202608,79,第79章  锌及其制品,353,斯洛伐克,85327.0
202608,79,第79章  锌及其制品,434,秘鲁,553535.0
202608,80,第80章  锡及其制品,215,埃及,95736.0
202608,80,第80章  锡及其制品,330,瑞典,9.0
202608,80,第80章  锡及其制品,331,瑞士,33077.0
202608,80,第80章  锡及其制品,434,秘鲁,5482406.0
202608,81,第81章  其他贱金属、金属陶瓷及其制品,115,以色列,10916.0
202608,81,第81章  其他贱金属、金属陶瓷及其制品,131,沙特阿拉伯,239298.0
202608,81,第81章  其他贱金属、金属陶瓷及其制品,215,埃及,1353.0
202608,81,第81章  其他贱金属、金属陶瓷及其制品,232,摩洛哥,12624.0
202608,81,第81章  其他贱金属、金属陶瓷及其制品,253,赞比亚,343441.0
202608,81,第81章  其他贱金属、金属陶瓷及其制品,302,丹麦,300.0
202608,81,第81章  其他贱金属、金属陶瓷及其制品,308,卢森堡,5441.0
202608,81,第81章  其他贱金属、金属陶瓷及其制品,311,葡萄牙,4586.0
202608,81,第81章  其他贱金属、金属陶瓷及其制品,323,列支敦士登,4312.0
202608,81,第81章  其他贱金属、金属陶瓷及其制品,328,罗马尼亚,11007.0
202608,81,第81章  其他贱金属、金属陶瓷及其制品,330,瑞典,6006.0
202608,81,第81章  其他贱金属、金属陶瓷及其制品,331,瑞士,547505.0
202608,81,第81章  其他贱金属、金属陶瓷及其制品,334,爱沙尼亚,1040645.0
202608,81,第81章  其他贱金属、金属陶瓷及其制品,347,乌克兰,1629.0
202608,81,第81章  其他贱金属、金属陶瓷及其制品,352,捷克,12717.0
202608,81,第81章  其他贱金属、金属陶瓷及其制品,353,斯洛伐克,4084.0
202608,82,第82章  贱金属工具、器具、利口器、餐匙、餐叉及其零件,103,孟加拉国,868.0
202608,82,第82章  贱金属工具、器具、利口器、餐匙、餐叉及其零件,107,柬埔寨,13.0
202608,82,第82章  贱金属工具、器具、利口器、餐匙、餐叉及其零件,115,以色列,5066961.0
202608,82,第82章  贱金属工具、器具、利口器、餐匙、餐叉及其零件,117,约旦,299264.0
202608,82,第82章  贱金属工具、器具、利口器、餐匙、餐叉及其零件,131,沙特阿拉伯,480.0
202608,82,第82章  贱金属工具、器具、利口器、餐匙、餐叉及其零件,302,丹麦,312927.0
202608,82,第82章  贱金属工具、器具、利口器、餐匙、餐叉及其零件,308,卢森堡,1163982.0
202608,82,第82章  贱金属工具、器具、利口器、餐匙、餐叉及其零件,311,葡萄牙,165864.0
202608,82,第82章  贱金属工具、器具、利口器、餐匙、餐叉及其零件,323,列支敦士登,9738.0
202608,82,第82章  贱金属工具、器具、利口器、餐匙、餐叉及其零件,328,罗马尼亚,22454.0
202608,82,第82章  贱金属工具、器具、利口器、餐匙、餐叉及其零件,330,瑞典,12951869.0
202608,82,第82章  贱金属工具、器具、利口器、餐匙、餐叉及其零件,331,瑞士,8877545.0
202608,82,第82章  贱金属工具、器具、利口器、餐匙、餐叉及其零件,335,拉脱维亚,929.0
202608,82,第82章  贱金属工具、器具、利口器、餐匙、餐叉及其零件,347,乌克兰,617.0
202608,82,第82章  贱金属工具、器具、利口器、餐匙、餐叉及其零件,352,捷克,2371356.0
202608,82,第82章  贱金属工具、器具、利口器、餐匙、餐叉及其零件,353,斯洛伐克,50040.0
202608,82,第82章  贱金属工具、器具、利口器、餐匙、餐叉及其零件,402,阿根廷,458.0
202608,82,第82章  贱金属工具、器具、利口器、餐匙、餐叉及其零件,412,智利,840.0
202608,82,第82章  贱金属工具、器具、利口器、餐匙、餐叉及其零件,418,多米尼加,108.0
202608,82,第82章  贱金属工具、器具、利口器、餐匙、餐叉及其零件,609,新西兰,34901.0
202608,83,第83章  贱金属杂项制品,103,孟加拉国,98.0
202608,83,第83章  贱金属杂项制品,107,柬埔寨,221.0
202608,83,第83章  贱金属杂项制品,115,以色列,18179.0
202608,83,第83章  贱金属杂项制品,131,沙特阿拉伯,1076.0
202608,83,第83章  贱金属杂项制品,134,斯里兰卡,668.0
202608,83,第83章  贱金属杂项制品,232,摩洛哥,1145.0
202608,83,第83章  贱金属杂项制品,302,丹麦,935434.0
202608,83,第83章  贱金属杂项制品,308,卢森堡,97.0
202608,83,第83章  贱金属杂项制品,311,葡萄牙,806722.0
202608,83,第83章  贱金属杂项制品,323,列支敦士登,1512.0
202608,83,第83章  贱金属杂项制品,325,摩纳哥,58.0
202608,83,第83章  贱金属杂项制品,328,罗马尼亚,2614060.0
202608,83,第83章  贱金属杂项制品,329,圣马力诺,287.0
202608,83,第83章  贱金属杂项制品,330,瑞典,949762.0
202608,83,第83章  贱金属杂项制品,331,瑞士,1357197.0
202608,83,第83章  贱金属杂项制品,334,爱沙尼亚,1499.0
202608,83,第83章  贱金属杂项制品,347,乌克兰,160501.0
202608,83,第83章  贱金属杂项制品,352,捷克,8852114.0
202608,83,第83章  贱金属杂项制品,353,斯洛伐克,552634.0
202608,83,第83章  贱金属杂项制品,354,北马其顿,2831.0
202608,83,第83章  贱金属杂项制品,355,波斯尼亚和黑塞哥维那,257924.0
202608,83,第83章  贱金属杂项制品,402,阿根廷,811.0
202608,83,第83章  贱金属杂项制品,411,开曼群岛,630.0
202608,83,第83章  贱金属杂项制品,418,多米尼加,35401.0
202608,83,第83章  贱金属杂项制品,423,危地马拉,56.0
202608,83,第83章  贱金属杂项制品,603,斐济,8.0
202608,83,第83章  贱金属杂项制品,609,新西兰,3660.0
202608,84,第84章  核反应堆、锅炉、机器、机械器具及零件,101,阿富汗,18321.0
202608,84,第84章  核反应堆、锅炉、机器、机械器具及零件,103,孟加拉国,195478.0
202608,84,第84章  核反应堆、锅炉、机器、机械器具及零件,106,缅甸,501805.0
202608,84,第84章  核反应堆、锅炉、机器、机械器具及零件,107,柬埔寨,3379896.0
202608,84,第84章  核反应堆、锅炉、机器、机械器具及零件,114,伊拉克,957.0
202608,84,第84章  核反应堆、锅炉、机器、机械器具及零件,115,以色列,50914635.0
202608,84,第84章  核反应堆、锅炉、机器、机械器具及零件,117,约旦,400.0
202608,84,第84章  核反应堆、锅炉、机器、机械器具及零件,130,卡塔尔,14277.0
202608,84,第84章  核反应堆、锅炉、机器、机械器具及零件,131,沙特阿拉伯,4265873.0
202608,84,第84章  核反应堆、锅炉、机器、机械器具及零件,134,斯里兰卡,1031661.0
202608,84,第84章  核反应堆、锅炉、机器、机械器具及零件,201,阿尔及利亚,78291.0
202608,84,第84章  核反应堆、锅炉、机器、机械器具及零件,215,埃及,97830.0
202608,84,第84章  核反应堆、锅炉、机器、机械器具及零件,226,利比亚,785.0
202608,84,第84章  核反应堆、锅炉、机器、机械器具及零件,232,摩洛哥,1097419.0
202608,84,第84章  核反应堆、锅炉、机器、机械器具及零件,236,尼日利亚,28758.0
202608,84,第84章  核反应堆、锅炉、机器、机械器具及零件,247,坦桑尼亚,3040.0
202608,84,第84章  核反应堆、锅炉、机器、机械器具及零件,253,赞比亚,929.0
202608,84,第84章  核反应堆、锅炉、机器、机械器具及零件,257,斯威士兰,1539.0
202608,84,第84章  核反应堆、锅炉、机器、机械器具及零件,302,丹麦,48382351.0
202608,84,第84章  核反应堆、锅炉、机器、机械器具及零件,308,卢森堡,8546368.0
202608,84,第84章  核反应堆、锅炉、机器、机械器具及零件,311,葡萄牙,8742576.0
202608,84,第84章  核反应堆、锅炉、机器、机械器具及零件,322,冰岛,87291.0
202608,84,第84章  核反应堆、锅炉、机器、机械器具及零件,323,列支敦士登,2977071.0
202608,84,第84章  核反应堆、锅炉、机器、机械器具及零件,325,摩纳哥,444.0
202608,84,第84章  核反应堆、锅炉、机器、机械器具及零件,328,罗马尼亚,17258249.0
202608,84,第84章  核反应堆、锅炉、机器、机械器具及零件,329,圣马力诺,13653.0
202608,84,第84章  核反应堆、锅炉、机器、机械器具及零件,330,瑞典,89381179.0
202608,84,第84章  核反应堆、锅炉、机器、机械器具及零件,331,瑞士,209432213.0
202608,84,第84章  核反应堆、锅炉、机器、机械器具及零件,334,爱沙尼亚,1548111.0
202608,84,第84章  核反应堆、锅炉、机器、机械器具及零件,335,拉脱维亚,806688.0
202608,84,第84章  核反应堆、锅炉、机器、机械器具及零件,343,摩尔多瓦,45491.0
202608,84,第84章  核反应堆、锅炉、机器、机械器具及零件,347,乌克兰,119555.0
202608,84,第84章  核反应堆、锅炉、机器、机械器具及零件,352,捷克,93582377.0
202608,84,第84章  核反应堆、锅炉、机器、机械器具及零件,353,斯洛伐克,24969789.0
202608,84,第84章  核反应堆、锅炉、机器、机械器具及零件,354,北马其顿,1387896.0
202608,84,第84章  核反应堆、锅炉、机器、机械器具及零件,355,波斯尼亚和黑塞哥维那,140910.0
202608,84,第84章  核反应堆、锅炉、机器、机械器具及零件,402,阿根廷,247241.0
202608,84,第84章  核反应堆、锅炉、机器、机械器具及零件,412,智利,1391960.0
202608,84,第84章  核反应堆、锅炉、机器、机械器具及零件,413,哥伦比亚,18033.0
202608,84,第84章  核反应堆、锅炉、机器、机械器具及零件,418,多米尼加,629482.0
202608,84,第84章  核反应堆、锅炉、机器、机械器具及零件,419,厄瓜多尔,1827.0
202608,84,第84章  核反应堆、锅炉、机器、机械器具及零件,432,巴拿马,2292.0
202608,84,第84章  核反应堆、锅炉、机器、机械器具及零件,434,秘鲁,1047392.0
202608,84,第84章  核反应堆、锅炉、机器、机械器具及零件,445,委内瑞拉,84.0
202608,84,第84章  核反应堆、锅炉、机器、机械器具及零件,609,新西兰,906969.0
202608,84,第84章  核反应堆、锅炉、机器、机械器具及零件,611,巴布亚新几内亚,751.0
202608,85,第85章  电机、电气设备及其零件；录音机及放声机、电视图像、声音的录制和重放设备及其零件、附件,103,孟加拉国,325681.0
202608,85,第85章  电机、电气设备及其零件；录音机及放声机、电视图像、声音的录制和重放设备及其零件、附件,106,缅甸,4348598.0
202608,85,第85章  电机、电气设备及其零件；录音机及放声机、电视图像、声音的录制和重放设备及其零件、附件,107,柬埔寨,6918769.0
202608,85,第85章  电机、电气设备及其零件；录音机及放声机、电视图像、声音的录制和重放设备及其零件、附件,114,伊拉克,5014.0
202608,85,第85章  电机、电气设备及其零件；录音机及放声机、电视图像、声音的录制和重放设备及其零件、附件,115,以色列,932074841.0
202608,85,第85章  电机、电气设备及其零件；录音机及放声机、电视图像、声音的录制和重放设备及其零件、附件,117,约旦,400.0
202608,85,第85章  电机、电气设备及其零件；录音机及放声机、电视图像、声音的录制和重放设备及其零件、附件,130,卡塔尔,16566.0
202608,85,第85章  电机、电气设备及其零件；录音机及放声机、电视图像、声音的录制和重放设备及其零件、附件,131,沙特阿拉伯,385356.0
202608,85,第85章  电机、电气设备及其零件；录音机及放声机、电视图像、声音的录制和重放设备及其零件、附件,134,斯里兰卡,2636595.0
202608,85,第85章  电机、电气设备及其零件；录音机及放声机、电视图像、声音的录制和重放设备及其零件、附件,144,东帝汶,127.0
202608,85,第85章  电机、电气设备及其零件；录音机及放声机、电视图像、声音的录制和重放设备及其零件、附件,146,吉尔吉斯斯坦,3852.0
202608,85,第85章  电机、电气设备及其零件；录音机及放声机、电视图像、声音的录制和重放设备及其零件、附件,201,阿尔及利亚,617.0
202608,85,第85章  电机、电气设备及其零件；录音机及放声机、电视图像、声音的录制和重放设备及其零件、附件,215,埃及,53099.0
202608,85,第85章  电机、电气设备及其零件；录音机及放声机、电视图像、声音的录制和重放设备及其零件、附件,229,马里,1025.0
202608,85,第85章  电机、电气设备及其零件；录音机及放声机、电视图像、声音的录制和重放设备及其零件、附件,232,摩洛哥,16023291.0
202608,85,第85章  电机、电气设备及其零件；录音机及放声机、电视图像、声音的录制和重放设备及其零件、附件,236,尼日利亚,2683.0
202608,85,第85章  电机、电气设备及其零件；录音机及放声机、电视图像、声音的录制和重放设备及其零件、附件,246,苏丹,73.0
202608,85,第85章  电机、电气设备及其零件；录音机及放声机、电视图像、声音的录制和重放设备及其零件、附件,247,坦桑尼亚,3443.0
202608,85,第85章  电机、电气设备及其零件；录音机及放声机、电视图像、声音的录制和重放设备及其零件、附件,248,多哥,8.0
202608,85,第85章  电机、电气设备及其零件；录音机及放声机、电视图像、声音的录制和重放设备及其零件、附件,253,赞比亚,34.0
202608,85,第85章  电机、电气设备及其零件；录音机及放声机、电视图像、声音的录制和重放设备及其零件、附件,257,斯威士兰,2821.0
202608,85,第85章  电机、电气设备及其零件；录音机及放声机、电视图像、声音的录制和重放设备及其零件、附件,302,丹麦,17928266.0
202608,85,第85章  电机、电气设备及其零件；录音机及放声机、电视图像、声音的录制和重放设备及其零件、附件,308,卢森堡,163082.0
202608,85,第85章  电机、电气设备及其零件；录音机及放声机、电视图像、声音的录制和重放设备及其零件、附件,311,葡萄牙,91733846.0
202608,85,第85章  电机、电气设备及其零件；录音机及放声机、电视图像、声音的录制和重放设备及其零件、附件,322,冰岛,1349.0
202608,85,第85章  电机、电气设备及其零件；录音机及放声机、电视图像、声音的录制和重放设备及其零件、附件,323,列支敦士登,608758.0
202608,85,第85章  电机、电气设备及其零件；录音机及放声机、电视图像、声音的录制和重放设备及其零件、附件,325,摩纳哥,54645.0
202608,85,第85章  电机、电气设备及其零件；录音机及放声机、电视图像、声音的录制和重放设备及其零件、附件,328,罗马尼亚,75277736.0
202608,85,第85章  电机、电气设备及其零件；录音机及放声机、电视图像、声音的录制和重放设备及其零件、附件,329,圣马力诺,556.0
202608,85,第85章  电机、电气设备及其零件；录音机及放声机、电视图像、声音的录制和重放设备及其零件、附件,330,瑞典,176293057.0
202608,85,第85章  电机、电气设备及其零件；录音机及放声机、电视图像、声音的录制和重放设备及其零件、附件,331,瑞士,129913356.0
202608,85,第85章  电机、电气设备及其零件；录音机及放声机、电视图像、声音的录制和重放设备及其零件、附件,334,爱沙尼亚,7230851.0
202608,85,第85章  电机、电气设备及其零件；录音机及放声机、电视图像、声音的录制和重放设备及其零件、附件,335,拉脱维亚,3577108.0
202608,85,第85章  电机、电气设备及其零件；录音机及放声机、电视图像、声音的录制和重放设备及其零件、附件,343,摩尔多瓦,1714306.0
202608,85,第85章  电机、电气设备及其零件；录音机及放声机、电视图像、声音的录制和重放设备及其零件、附件,347,乌克兰,1947381.0
202608,85,第85章  电机、电气设备及其零件；录音机及放声机、电视图像、声音的录制和重放设备及其零件、附件,352,捷克,150561599.0
202608,85,第85章  电机、电气设备及其零件；录音机及放声机、电视图像、声音的录制和重放设备及其零件、附件,353,斯洛伐克,35327081.0
202608,85,第85章  电机、电气设备及其零件；录音机及放声机、电视图像、声音的录制和重放设备及其零件、附件,354,北马其顿,2444234.0
202608,85,第85章  电机、电气设备及其零件；录音机及放声机、电视图像、声音的录制和重放设备及其零件、附件,355,波斯尼亚和黑塞哥维那,186562.0
202608,85,第85章  电机、电气设备及其零件；录音机及放声机、电视图像、声音的录制和重放设备及其零件、附件,402,阿根廷,66.0
202608,85,第85章  电机、电气设备及其零件；录音机及放声机、电视图像、声音的录制和重放设备及其零件、附件,412,智利,2997.0
202608,85,第85章  电机、电气设备及其零件；录音机及放声机、电视图像、声音的录制和重放设备及其零件、附件,413,哥伦比亚,2821.0
202608,85,第85章  电机、电气设备及其零件；录音机及放声机、电视图像、声音的录制和重放设备及其零件、附件,416,古巴,1107.0
202608,85,第85章  电机、电气设备及其零件；录音机及放声机、电视图像、声音的录制和重放设备及其零件、附件,418,多米尼加,1235889.0
202608,85,第85章  电机、电气设备及其零件；录音机及放声机、电视图像、声音的录制和重放设备及其零件、附件,419,厄瓜多尔,6682.0
202608,85,第85章  电机、电气设备及其零件；录音机及放声机、电视图像、声音的录制和重放设备及其零件、附件,426,洪都拉斯,213743.0
202608,85,第85章  电机、电气设备及其零件；录音机及放声机、电视图像、声音的录制和重放设备及其零件、附件,432,巴拿马,1112.0
202608,85,第85章  电机、电气设备及其零件；录音机及放声机、电视图像、声音的录制和重放设备及其零件、附件,433,巴拉圭,584.0
202608,85,第85章  电机、电气设备及其零件；录音机及放声机、电视图像、声音的录制和重放设备及其零件、附件,434,秘鲁,15.0
202608,85,第85章  电机、电气设备及其零件；录音机及放声机、电视图像、声音的录制和重放设备及其零件、附件,445,委内瑞拉,105.0
202608,85,第85章  电机、电气设备及其零件；录音机及放声机、电视图像、声音的录制和重放设备及其零件、附件,447,圣基茨和尼维斯,52394.0
202608,85,第85章  电机、电气设备及其零件；录音机及放声机、电视图像、声音的录制和重放设备及其零件、附件,609,新西兰,1382414.0
202608,85,第85章  电机、电气设备及其零件；录音机及放声机、电视图像、声音的录制和重放设备及其零件、附件,611,巴布亚新几内亚,81.0
202608,86,第86章  铁道及电车道机车、车辆及其零件；铁道及电车道轨道固定装置及其零件；附件；各种机械（包括电动机械）交通信号设备,232,摩洛哥,803.0
202608,86,第86章  铁道及电车道机车、车辆及其零件；铁道及电车道轨道固定装置及其零件；附件；各种机械（包括电动机械）交通信号设备,328,罗马尼亚,12083.0
202608,86,第86章  铁道及电车道机车、车辆及其零件；铁道及电车道轨道固定装置及其零件；附件；各种机械（包括电动机械）交通信号设备,330,瑞典,473350.0
202608,86,第86章  铁道及电车道机车、车辆及其零件；铁道及电车道轨道固定装置及其零件；附件；各种机械（包括电动机械）交通信号设备,331,瑞士,26320.0
202608,86,第86章  铁道及电车道机车、车辆及其零件；铁道及电车道轨道固定装置及其零件；附件；各种机械（包括电动机械）交通信号设备,352,捷克,1358001.0
202608,86,第86章  铁道及电车道机车、车辆及其零件；铁道及电车道轨道固定装置及其零件；附件；各种机械（包括电动机械）交通信号设备,353,斯洛伐克,19791.0
202608,87,第87章  车辆及其零件、附件，但铁道及电车道车辆除外,101,阿富汗,585.0
202608,87,第87章  车辆及其零件、附件，但铁道及电车道车辆除外,103,孟加拉国,414513.0
202608,87,第87章  车辆及其零件、附件，但铁道及电车道车辆除外,106,缅甸,665.0
202608,87,第87章  车辆及其零件、附件，但铁道及电车道车辆除外,107,柬埔寨,783874.0
202608,87,第87章  车辆及其零件、附件，但铁道及电车道车辆除外,115,以色列,29479.0
202608,87,第87章  车辆及其零件、附件，但铁道及电车道车辆除外,131,沙特阿拉伯,255.0
202608,87,第87章  车辆及其零件、附件，但铁道及电车道车辆除外,134,斯里兰卡,74.0
202608,87,第87章  车辆及其零件、附件，但铁道及电车道车辆除外,215,埃及,761.0
202608,87,第87章  车辆及其零件、附件，但铁道及电车道车辆除外,232,摩洛哥,89629.0
202608,87,第87章  车辆及其零件、附件，但铁道及电车道车辆除外,302,丹麦,1235931.0
202608,87,第87章  车辆及其零件、附件，但铁道及电车道车辆除外,308,卢森堡,208362.0
202608,87,第87章  车辆及其零件、附件，但铁道及电车道车辆除外,311,葡萄牙,6455304.0
202608,87,第87章  车辆及其零件、附件，但铁道及电车道车辆除外,323,列支敦士登,926713.0
202608,87,第87章  车辆及其零件、附件，但铁道及电车道车辆除外,328,罗马尼亚,151337901.0
202608,87,第87章  车辆及其零件、附件，但铁道及电车道车辆除外,330,瑞典,10664509.0
202608,87,第87章  车辆及其零件、附件，但铁道及电车道车辆除外,331,瑞士,4211323.0
202608,87,第87章  车辆及其零件、附件，但铁道及电车道车辆除外,334,爱沙尼亚,586860.0
202608,87,第87章  车辆及其零件、附件，但铁道及电车道车辆除外,335,拉脱维亚,9360.0
202608,87,第87章  车辆及其零件、附件，但铁道及电车道车辆除外,347,乌克兰,26155.0
202608,87,第87章  车辆及其零件、附件，但铁道及电车道车辆除外,352,捷克,26725072.0
202608,87,第87章  车辆及其零件、附件，但铁道及电车道车辆除外,353,斯洛伐克,256459021.0
202608,87,第87章  车辆及其零件、附件，但铁道及电车道车辆除外,354,北马其顿,19104.0
202608,87,第87章  车辆及其零件、附件，但铁道及电车道车辆除外,355,波斯尼亚和黑塞哥维那,810453.0
202608,87,第87章  车辆及其零件、附件，但铁道及电车道车辆除外,402,阿根廷,1300333.0
202608,87,第87章  车辆及其零件、附件，但铁道及电车道车辆除外,413,哥伦比亚,95568.0
202608,87,第87章  车辆及其零件、附件，但铁道及电车道车辆除外,419,厄瓜多尔,1958.0
202608,87,第87章  车辆及其零件、附件，但铁道及电车道车辆除外,426,洪都拉斯,1022.0
202608,87,第87章  车辆及其零件、附件，但铁道及电车道车辆除外,432,巴拿马,45.0
202608,87,第87章  车辆及其零件、附件，但铁道及电车道车辆除外,434,秘鲁,1566.0
202608,87,第87章  车辆及其零件、附件，但铁道及电车道车辆除外,445,委内瑞拉,1000.0
202608,87,第87章  车辆及其零件、附件，但铁道及电车道车辆除外,609,新西兰,2616.0
202608,87,第87章  车辆及其零件、附件，但铁道及电车道车辆除外,611,巴布亚新几内亚,50426.0
202608,88,第88章  航空器、航天器及其零件,115,以色列,131888.0
202608,88,第88章  航空器、航天器及其零件,121,中国澳门,1266.0
202608,88,第88章  航空器、航天器及其零件,131,沙特阿拉伯,1260.0
202608,88,第88章  航空器、航天器及其零件,134,斯里兰卡,19011.0
202608,88,第88章  航空器、航天器及其零件,232,摩洛哥,1470772.0
202608,88,第88章  航空器、航天器及其零件,311,葡萄牙,11830.0
202608,88,第88章  航空器、航天器及其零件,328,罗马尼亚,318459.0
202608,88,第88章  航空器、航天器及其零件,330,瑞典,45514.0
202608,88,第88章  航空器、航天器及其零件,331,瑞士,178525.0
202608,88,第88章  航空器、航天器及其零件,335,拉脱维亚,66077.0
202608,88,第88章  航空器、航天器及其零件,352,捷克,1097644.0
202608,88,第88章  航空器、航天器及其零件,609,新西兰,102414.0
202608,89,第89章  船舶及浮动结构体,311,葡萄牙,40139.0
202608,90,第90章  光学、照相、电影、计量、检验、医疗或外科用仪器及设备、精密仪器及设备；上述物品的零件、附件,101,阿富汗,27.0
202608,90,第90章  光学、照相、电影、计量、检验、医疗或外科用仪器及设备、精密仪器及设备；上述物品的零件、附件,103,孟加拉国,1043632.0
202608,90,第90章  光学、照相、电影、计量、检验、医疗或外科用仪器及设备、精密仪器及设备；上述物品的零件、附件,106,缅甸,839459.0
202608,90,第90章  光学、照相、电影、计量、检验、医疗或外科用仪器及设备、精密仪器及设备；上述物品的零件、附件,107,柬埔寨,457107.0
202608,90,第90章  光学、照相、电影、计量、检验、医疗或外科用仪器及设备、精密仪器及设备；上述物品的零件、附件,115,以色列,203799997.0
202608,90,第90章  光学、照相、电影、计量、检验、医疗或外科用仪器及设备、精密仪器及设备；上述物品的零件、附件,131,沙特阿拉伯,31655.0
202608,90,第90章  光学、照相、电影、计量、检验、医疗或外科用仪器及设备、精密仪器及设备；上述物品的零件、附件,134,斯里兰卡,241040.0
202608,90,第90章  光学、照相、电影、计量、检验、医疗或外科用仪器及设备、精密仪器及设备；上述物品的零件、附件,201,阿尔及利亚,2403.0
202608,90,第90章  光学、照相、电影、计量、检验、医疗或外科用仪器及设备、精密仪器及设备；上述物品的零件、附件,215,埃及,2098.0
202608,90,第90章  光学、照相、电影、计量、检验、医疗或外科用仪器及设备、精密仪器及设备；上述物品的零件、附件,232,摩洛哥,198480.0
202608,90,第90章  光学、照相、电影、计量、检验、医疗或外科用仪器及设备、精密仪器及设备；上述物品的零件、附件,257,斯威士兰,16218.0
202608,90,第90章  光学、照相、电影、计量、检验、医疗或外科用仪器及设备、精密仪器及设备；上述物品的零件、附件,302,丹麦,45721031.0
202608,90,第90章  光学、照相、电影、计量、检验、医疗或外科用仪器及设备、精密仪器及设备；上述物品的零件、附件,308,卢森堡,988048.0
202608,90,第90章  光学、照相、电影、计量、检验、医疗或外科用仪器及设备、精密仪器及设备；上述物品的零件、附件,311,葡萄牙,1762897.0
202608,90,第90章  光学、照相、电影、计量、检验、医疗或外科用仪器及设备、精密仪器及设备；上述物品的零件、附件,322,冰岛,414392.0
202608,90,第90章  光学、照相、电影、计量、检验、医疗或外科用仪器及设备、精密仪器及设备；上述物品的零件、附件,323,列支敦士登,12313722.0
202608,90,第90章  光学、照相、电影、计量、检验、医疗或外科用仪器及设备、精密仪器及设备；上述物品的零件、附件,325,摩纳哥,27532.0
202608,90,第90章  光学、照相、电影、计量、检验、医疗或外科用仪器及设备、精密仪器及设备；上述物品的零件、附件,328,罗马尼亚,24170921.0
202608,90,第90章  光学、照相、电影、计量、检验、医疗或外科用仪器及设备、精密仪器及设备；上述物品的零件、附件,330,瑞典,29705604.0
202608,90,第90章  光学、照相、电影、计量、检验、医疗或外科用仪器及设备、精密仪器及设备；上述物品的零件、附件,331,瑞士,188030692.0
202608,90,第90章  光学、照相、电影、计量、检验、医疗或外科用仪器及设备、精密仪器及设备；上述物品的零件、附件,334,爱沙尼亚,2550068.0
202608,90,第90章  光学、照相、电影、计量、检验、医疗或外科用仪器及设备、精密仪器及设备；上述物品的零件、附件,335,拉脱维亚,3061490.0
202608,90,第90章  光学、照相、电影、计量、检验、医疗或外科用仪器及设备、精密仪器及设备；上述物品的零件、附件,343,摩尔多瓦,201876.0
202608,90,第90章  光学、照相、电影、计量、检验、医疗或外科用仪器及设备、精密仪器及设备；上述物品的零件、附件,347,乌克兰,919636.0
202608,90,第90章  光学、照相、电影、计量、检验、医疗或外科用仪器及设备、精密仪器及设备；上述物品的零件、附件,352,捷克,70144161.0
202608,90,第90章  光学、照相、电影、计量、检验、医疗或外科用仪器及设备、精密仪器及设备；上述物品的零件、附件,353,斯洛伐克,3387481.0
202608,90,第90章  光学、照相、电影、计量、检验、医疗或外科用仪器及设备、精密仪器及设备；上述物品的零件、附件,354,北马其顿,159682.0
202608,90,第90章  光学、照相、电影、计量、检验、医疗或外科用仪器及设备、精密仪器及设备；上述物品的零件、附件,402,阿根廷,14324.0
202608,90,第90章  光学、照相、电影、计量、检验、医疗或外科用仪器及设备、精密仪器及设备；上述物品的零件、附件,412,智利,42.0
202608,90,第90章  光学、照相、电影、计量、检验、医疗或外科用仪器及设备、精密仪器及设备；上述物品的零件、附件,418,多米尼加,17230031.0
202608,90,第90章  光学、照相、电影、计量、检验、医疗或外科用仪器及设备、精密仪器及设备；上述物品的零件、附件,419,厄瓜多尔,2240.0
202608,90,第90章  光学、照相、电影、计量、检验、医疗或外科用仪器及设备、精密仪器及设备；上述物品的零件、附件,426,洪都拉斯,12113.0
202608,90,第90章  光学、照相、电影、计量、检验、医疗或外科用仪器及设备、精密仪器及设备；上述物品的零件、附件,432,巴拿马,47203.0
202608,90,第90章  光学、照相、电影、计量、检验、医疗或外科用仪器及设备、精密仪器及设备；上述物品的零件、附件,434,秘鲁,3400.0
202608,90,第90章  光学、照相、电影、计量、检验、医疗或外科用仪器及设备、精密仪器及设备；上述物品的零件、附件,447,圣基茨和尼维斯,118.0
202608,90,第90章  光学、照相、电影、计量、检验、医疗或外科用仪器及设备、精密仪器及设备；上述物品的零件、附件,606,瑙鲁,446.0
202608,90,第90章  光学、照相、电影、计量、检验、医疗或外科用仪器及设备、精密仪器及设备；上述物品的零件、附件,609,新西兰,4264818.0
202608,91,第91章  钟表及其零件,103,孟加拉国,55660.0
202608,91,第91章  钟表及其零件,106,缅甸,62598.0
202608,91,第91章  钟表及其零件,107,柬埔寨,76030.0
202608,91,第91章  钟表及其零件,115,以色列,104.0
202608,91,第91章  钟表及其零件,134,斯里兰卡,660.0
202608,91,第91章  钟表及其零件,201,阿尔及利亚,532.0
202608,91,第91章  钟表及其零件,257,斯威士兰,3556.0
202608,91,第91章  钟表及其零件,302,丹麦,3922.0
202608,91,第91章  钟表及其零件,311,葡萄牙,48071.0
202608,91,第91章  钟表及其零件,328,罗马尼亚,2853.0
202608,91,第91章  钟表及其零件,330,瑞典,10467.0
202608,91,第91章  钟表及其零件,331,瑞士,185631839.0
202608,91,第91章  钟表及其零件,353,斯洛伐克,44954.0
202608,91,第91章  钟表及其零件,412,智利,30.0
202608,92,第92章  乐器及其零件、附件,106,缅甸,281.0
202608,92,第92章  乐器及其零件、附件,302,丹麦,131002.0
202608,92,第92章  乐器及其零件、附件,311,葡萄牙,52.0
202608,92,第92章  乐器及其零件、附件,330,瑞典,208581.0
202608,92,第92章  乐器及其零件、附件,331,瑞士,43358.0
202608,92,第92章  乐器及其零件、附件,352,捷克,142676.0
202608,93,第93章  武器、弹药及其零件、附件,215,埃及,120.0
202608,93,第93章  武器、弹药及其零件、附件,311,葡萄牙,90.0
202608,93,第93章  武器、弹药及其零件、附件,331,瑞士,371.0
202608,94,第94章  家具；寝具、褥垫、弹簧床垫、软坐垫及类似的填充制品；未列名灯具及照明装置；发光标志、发光铭牌及类似品；活动房屋,103,孟加拉国,26269.0
202608,94,第94章  家具；寝具、褥垫、弹簧床垫、软坐垫及类似的填充制品；未列名灯具及照明装置；发光标志、发光铭牌及类似品；活动房屋,106,缅甸,1945.0
202608,94,第94章  家具；寝具、褥垫、弹簧床垫、软坐垫及类似的填充制品；未列名灯具及照明装置；发光标志、发光铭牌及类似品；活动房屋,107,柬埔寨,109204.0
202608,94,第94章  家具；寝具、褥垫、弹簧床垫、软坐垫及类似的填充制品；未列名灯具及照明装置；发光标志、发光铭牌及类似品；活动房屋,115,以色列,404557.0
202608,94,第94章  家具；寝具、褥垫、弹簧床垫、软坐垫及类似的填充制品；未列名灯具及照明装置；发光标志、发光铭牌及类似品；活动房屋,131,沙特阿拉伯,694.0
202608,94,第94章  家具；寝具、褥垫、弹簧床垫、软坐垫及类似的填充制品；未列名灯具及照明装置；发光标志、发光铭牌及类似品；活动房屋,134,斯里兰卡,28326.0
202608,94,第94章  家具；寝具、褥垫、弹簧床垫、软坐垫及类似的填充制品；未列名灯具及照明装置；发光标志、发光铭牌及类似品；活动房屋,215,埃及,43710.0
202608,94,第94章  家具；寝具、褥垫、弹簧床垫、软坐垫及类似的填充制品；未列名灯具及照明装置；发光标志、发光铭牌及类似品；活动房屋,232,摩洛哥,9521.0
202608,94,第94章  家具；寝具、褥垫、弹簧床垫、软坐垫及类似的填充制品；未列名灯具及照明装置；发光标志、发光铭牌及类似品；活动房屋,302,丹麦,2933351.0
202608,94,第94章  家具；寝具、褥垫、弹簧床垫、软坐垫及类似的填充制品；未列名灯具及照明装置；发光标志、发光铭牌及类似品；活动房屋,311,葡萄牙,208521.0
202608,94,第94章  家具；寝具、褥垫、弹簧床垫、软坐垫及类似的填充制品；未列名灯具及照明装置；发光标志、发光铭牌及类似品；活动房屋,328,罗马尼亚,733531.0
202608,94,第94章  家具；寝具、褥垫、弹簧床垫、软坐垫及类似的填充制品；未列名灯具及照明装置；发光标志、发光铭牌及类似品；活动房屋,329,圣马力诺,15153.0
202608,94,第94章  家具；寝具、褥垫、弹簧床垫、软坐垫及类似的填充制品；未列名灯具及照明装置；发光标志、发光铭牌及类似品；活动房屋,330,瑞典,1638536.0
202608,94,第94章  家具；寝具、褥垫、弹簧床垫、软坐垫及类似的填充制品；未列名灯具及照明装置；发光标志、发光铭牌及类似品；活动房屋,331,瑞士,948979.0
202608,94,第94章  家具；寝具、褥垫、弹簧床垫、软坐垫及类似的填充制品；未列名灯具及照明装置；发光标志、发光铭牌及类似品；活动房屋,334,爱沙尼亚,29512.0
202608,94,第94章  家具；寝具、褥垫、弹簧床垫、软坐垫及类似的填充制品；未列名灯具及照明装置；发光标志、发光铭牌及类似品；活动房屋,335,拉脱维亚,200086.0
202608,94,第94章  家具；寝具、褥垫、弹簧床垫、软坐垫及类似的填充制品；未列名灯具及照明装置；发光标志、发光铭牌及类似品；活动房屋,343,摩尔多瓦,85457.0
202608,94,第94章  家具；寝具、褥垫、弹簧床垫、软坐垫及类似的填充制品；未列名灯具及照明装置；发光标志、发光铭牌及类似品；活动房屋,347,乌克兰,6715.0
202608,94,第94章  家具；寝具、褥垫、弹簧床垫、软坐垫及类似的填充制品；未列名灯具及照明装置；发光标志、发光铭牌及类似品；活动房屋,352,捷克,600868.0
202608,94,第94章  家具；寝具、褥垫、弹簧床垫、软坐垫及类似的填充制品；未列名灯具及照明装置；发光标志、发光铭牌及类似品；活动房屋,353,斯洛伐克,1143388.0
202608,94,第94章  家具；寝具、褥垫、弹簧床垫、软坐垫及类似的填充制品；未列名灯具及照明装置；发光标志、发光铭牌及类似品；活动房屋,354,北马其顿,188486.0
202608,94,第94章  家具；寝具、褥垫、弹簧床垫、软坐垫及类似的填充制品；未列名灯具及照明装置；发光标志、发光铭牌及类似品；活动房屋,355,波斯尼亚和黑塞哥维那,81571.0
202608,94,第94章  家具；寝具、褥垫、弹簧床垫、软坐垫及类似的填充制品；未列名灯具及照明装置；发光标志、发光铭牌及类似品；活动房屋,413,哥伦比亚,106.0
202608,94,第94章  家具；寝具、褥垫、弹簧床垫、软坐垫及类似的填充制品；未列名灯具及照明装置；发光标志、发光铭牌及类似品；活动房屋,426,洪都拉斯,326.0
202608,94,第94章  家具；寝具、褥垫、弹簧床垫、软坐垫及类似的填充制品；未列名灯具及照明装置；发光标志、发光铭牌及类似品；活动房屋,609,新西兰,6502808.0
202608,95,第95章  玩具、游戏品、运动用品及其零件、附件,103,孟加拉国,2366115.0
202608,95,第95章  玩具、游戏品、运动用品及其零件、附件,106,缅甸,233811.0
202608,95,第95章  玩具、游戏品、运动用品及其零件、附件,107,柬埔寨,1773766.0
202608,95,第95章  玩具、游戏品、运动用品及其零件、附件,115,以色列,241.0
202608,95,第95章  玩具、游戏品、运动用品及其零件、附件,130,卡塔尔,11.0
202608,95,第95章  玩具、游戏品、运动用品及其零件、附件,134,斯里兰卡,76226.0
202608,95,第95章  玩具、游戏品、运动用品及其零件、附件,232,摩洛哥,3734.0
202608,95,第95章  玩具、游戏品、运动用品及其零件、附件,302,丹麦,942240.0
202608,95,第95章  玩具、游戏品、运动用品及其零件、附件,311,葡萄牙,3500.0
202608,95,第95章  玩具、游戏品、运动用品及其零件、附件,328,罗马尼亚,446216.0
202608,95,第95章  玩具、游戏品、运动用品及其零件、附件,330,瑞典,466122.0
202608,95,第95章  玩具、游戏品、运动用品及其零件、附件,331,瑞士,179821.0
202608,95,第95章  玩具、游戏品、运动用品及其零件、附件,334,爱沙尼亚,69370.0
202608,95,第95章  玩具、游戏品、运动用品及其零件、附件,347,乌克兰,4971.0
202608,95,第95章  玩具、游戏品、运动用品及其零件、附件,352,捷克,1997532.0
202608,95,第95章  玩具、游戏品、运动用品及其零件、附件,353,斯洛伐克,925447.0
202608,95,第95章  玩具、游戏品、运动用品及其零件、附件,354,北马其顿,46.0
202608,95,第95章  玩具、游戏品、运动用品及其零件、附件,355,波斯尼亚和黑塞哥维那,363351.0
202608,95,第95章  玩具、游戏品、运动用品及其零件、附件,418,多米尼加,125.0
202608,95,第95章  玩具、游戏品、运动用品及其零件、附件,426,洪都拉斯,527.0
202608,95,第95章  玩具、游戏品、运动用品及其零件、附件,434,秘鲁,168344.0
202608,95,第95章  玩具、游戏品、运动用品及其零件、附件,609,新西兰,22092.0
202608,96,第96章  杂项制品,103,孟加拉国,88265.0
202608,96,第96章  杂项制品,106,缅甸,33519.0
202608,96,第96章  杂项制品,107,柬埔寨,88967.0
202608,96,第96章  杂项制品,115,以色列,1851.0
202608,96,第96章  杂项制品,121,中国澳门,17.0
202608,96,第96章  杂项制品,131,沙特阿拉伯,442.0
202608,96,第96章  杂项制品,134,斯里兰卡,211.0
202608,96,第96章  杂项制品,201,阿尔及利亚,2499.0
202608,96,第96章  杂项制品,215,埃及,105.0
202608,96,第96章  杂项制品,228,马拉维,8000.0
202608,96,第96章  杂项制品,232,摩洛哥,57647.0
202608,96,第96章  杂项制品,302,丹麦,80656.0
202608,96,第96章  杂项制品,311,葡萄牙,95133.0
202608,96,第96章  杂项制品,323,列支敦士登,1209.0
202608,96,第96章  杂项制品,328,罗马尼亚,48910.0
202608,96,第96章  杂项制品,330,瑞典,18686.0
202608,96,第96章  杂项制品,331,瑞士,448286.0
202608,96,第96章  杂项制品,334,爱沙尼亚,30892.0
202608,96,第96章  杂项制品,347,乌克兰,28257.0
202608,96,第96章  杂项制品,352,捷克,37294.0
202608,96,第96章  杂项制品,353,斯洛伐克,82358.0
202608,96,第96章  杂项制品,413,哥伦比亚,626.0
202608,96,第96章  杂项制品,418,多米尼加,2620.0
202608,96,第96章  杂项制品,419,厄瓜多尔,640792.0
202608,96,第96章  杂项制品,432,巴拿马,16903.0
202608,96,第96章  杂项制品,434,秘鲁,1300.0
202608,96,第96章  杂项制品,603,斐济,644.0
202608,96,第96章  杂项制品,609,新西兰,2132.0
202608,97,第97章  艺术品、收藏品及古物,107,柬埔寨,2431.0
202608,97,第97章  艺术品、收藏品及古物,121,中国澳门,277381.0
202608,97,第97章  艺术品、收藏品及古物,146,吉尔吉斯斯坦,118.0
202608,97,第97章  艺术品、收藏品及古物,215,埃及,1124.0
202608,97,第97章  艺术品、收藏品及古物,232,摩洛哥,84334.0
202608,97,第97章  艺术品、收藏品及古物,247,坦桑尼亚,75.0
202608,97,第97章  艺术品、收藏品及古物,253,赞比亚,100.0
202608,97,第97章  艺术品、收藏品及古物,302,丹麦,332113.0
202608,97,第97章  艺术品、收藏品及古物,311,葡萄牙,4185.0
202608,97,第97章  艺术品、收藏品及古物,330,瑞典,187972.0
202608,97,第97章  艺术品、收藏品及古物,331,瑞士,187889.0
202608,97,第97章  艺术品、收藏品及古物,347,乌克兰,6049.0
202608,97,第97章  艺术品、收藏品及古物,352,捷克,1700.0
202608,97,第97章  艺术品、收藏品及古物,434,秘鲁,34079.0
202608,97,第97章  艺术品、收藏品及古物,445,委内瑞拉,1924.0
202608,97,第97章  艺术品、收藏品及古物,609,新西兰,5823.0
202608,98,第98章  特殊交易品及未分类商品,101,阿富汗,132090.0
202608,98,第98章  特殊交易品及未分类商品,103,孟加拉国,650611.0
202608,98,第98章  特殊交易品及未分类商品,105,文莱,912.0
202608,98,第98章  特殊交易品及未分类商品,106,缅甸,10279636.0
202608,98,第98章  特殊交易品及未分类商品,107,柬埔寨,692425.0
202608,98,第98章  特殊交易品及未分类商品,114,伊拉克,7415.0
202608,98,第98章  特殊交易品及未分类商品,115,以色列,243355.0
202608,98,第98章  特殊交易品及未分类商品,117,约旦,35165.0
202608,98,第98章  特殊交易品及未分类商品,121,中国澳门,216592.0
202608,98,第98章  特殊交易品及未分类商品,130,卡塔尔,11355.0
202608,98,第98章  特殊交易品及未分类商品,131,沙特阿拉伯,83201.0
202608,98,第98章  特殊交易品及未分类商品,134,斯里兰卡,143721.0
202608,98,第98章  特殊交易品及未分类商品,144,东帝汶,360.0
202608,98,第98章  特殊交易品及未分类商品,146,吉尔吉斯斯坦,1415.0
202608,98,第98章  特殊交易品及未分类商品,201,阿尔及利亚,10031.0
202608,98,第98章  特殊交易品及未分类商品,214,吉布提,116.0
202608,98,第98章  特殊交易品及未分类商品,215,埃及,81492.0
202608,98,第98章  特殊交易品及未分类商品,226,利比亚,1599.0
202608,98,第98章  特殊交易品及未分类商品,228,马拉维,306.0
202608,98,第98章  特殊交易品及未分类商品,229,马里,1372.0
202608,98,第98章  特殊交易品及未分类商品,232,摩洛哥,45443.0
202608,98,第98章  特殊交易品及未分类商品,236,尼日利亚,16243.0
202608,98,第98章  特殊交易品及未分类商品,238,卢旺达,1586.0
202608,98,第98章  特殊交易品及未分类商品,246,苏丹,16754.0
202608,98,第98章  特殊交易品及未分类商品,247,坦桑尼亚,28365.0
202608,98,第98章  特殊交易品及未分类商品,248,多哥,920.0
202608,98,第98章  特殊交易品及未分类商品,251,布基纳法索,913.0
202608,98,第98章  特殊交易品及未分类商品,253,赞比亚,2615.0
202608,98,第98章  特殊交易品及未分类商品,257,斯威士兰,1195.0
202608,98,第98章  特殊交易品及未分类商品,302,丹麦,301149.0
202608,98,第98章  特殊交易品及未分类商品,308,卢森堡,6338.0
202608,98,第98章  特殊交易品及未分类商品,311,葡萄牙,359387.0
202608,98,第98章  特殊交易品及未分类商品,322,冰岛,2440.0
202608,98,第98章  特殊交易品及未分类商品,323,列支敦士登,1582.0
202608,98,第98章  特殊交易品及未分类商品,325,摩纳哥,1030.0
202608,98,第98章  特殊交易品及未分类商品,328,罗马尼亚,114707.0
202608,98,第98章  特殊交易品及未分类商品,329,圣马力诺,9280.0
202608,98,第98章  特殊交易品及未分类商品,330,瑞典,693883.0
202608,98,第98章  特殊交易品及未分类商品,331,瑞士,383288.0
202608,98,第98章  特殊交易品及未分类商品,334,爱沙尼亚,244318.0
202608,98,第98章  特殊交易品及未分类商品,335,拉脱维亚,18648.0
202608,98,第98章  特殊交易品及未分类商品,343,摩尔多瓦,11222.0
202608,98,第98章  特殊交易品及未分类商品,347,乌克兰,26635.0
202608,98,第98章  特殊交易品及未分类商品,352,捷克,204990.0
202608,98,第98章  特殊交易品及未分类商品,353,斯洛伐克,41907.0
202608,98,第98章  特殊交易品及未分类商品,354,北马其顿,4545.0
202608,98,第98章  特殊交易品及未分类商品,355,波斯尼亚和黑塞哥维那,6184.0
202608,98,第98章  特殊交易品及未分类商品,402,阿根廷,62705.0
202608,98,第98章  特殊交易品及未分类商品,411,开曼群岛,305.0
202608,98,第98章  特殊交易品及未分类商品,412,智利,96970.0
202608,98,第98章  特殊交易品及未分类商品,413,哥伦比亚,67571.0
202608,98,第98章  特殊交易品及未分类商品,416,古巴,800.0
202608,98,第98章  特殊交易品及未分类商品,418,多米尼加,38868.0
202608,98,第98章  特殊交易品及未分类商品,419,厄瓜多尔,12303.0
202608,98,第98章  特殊交易品及未分类商品,423,危地马拉,19197.0
202608,98,第98章  特殊交易品及未分类商品,426,洪都拉斯,20291.0
202608,98,第98章  特殊交易品及未分类商品,432,巴拿马,20023.0
202608,98,第98章  特殊交易品及未分类商品,433,巴拉圭,5209.0
202608,98,第98章  特殊交易品及未分类商品,434,秘鲁,281707.0
202608,98,第98章  特殊交易品及未分类商品,439,圣文森特和格林纳丁斯,36.0
202608,98,第98章  特殊交易品及未分类商品,445,委内瑞拉,13498.0
202608,98,第98章  特殊交易品及未分类商品,447,圣基茨和尼维斯,568.0
202608,98,第98章  特殊交易品及未分类商品,504,百慕大,188.0
202608,98,第98章  特殊交易品及未分类商品,599,北美洲其他国家(地区),56.0
202608,98,第98章  特殊交易品及未分类商品,602,库克群岛,70.0
202608,98,第98章  特殊交易品及未分类商品,603,斐济,842.0
202608,98,第98章  特殊交易品及未分类商品,608,瓦努阿图,1240.0
202608,98,第98章  特殊交易品及未分类商品,609,新西兰,3154260.0
202608,98,第98章  特殊交易品及未分类商品,611,巴布亚新几内亚,1408.0
202608,98,第98章  特殊交易品及未分类商品,613,所罗门群岛,23248.0
202608,98,第98章  特殊交易品及未分类商品,620,密克罗尼西亚联邦,194.0
202608,98,第98章  特殊交易品及未分类商品,623,法属波利尼西亚,737.0
