Commodity code,Commodity,Trading partner code,Trading partner,Renminbi Yuan
1,,110,"Hong Kong,China",752.0
1,,112,Indonesia,195928.0
1,,116,Japan,3138875.0
1,,141,Viet Nam,1140399.0
1,,143,"Taiwan,China",439289.0
1,,217,Ethiopia,311950.0
1,,303,United Kingdom,695.0
1,,304,Germany,8472809.0
1,,344,Russia,4598842.0
1,,502,United States,2147052.0
1,,601,Australia,156868482.0
2,,303,United Kingdom,57155024.0
2,,304,Germany,174180184.0
2,,502,United States,479887897.0
2,,601,Australia,550412867.0
3,,110,"Hong Kong,China",2540550.0
3,,111,India,41934056.0
3,,112,Indonesia,145279002.0
3,,113,Iran,1015555.0
3,,116,Japan,245017754.0
3,,122,Malaysia,32973411.0
3,,126,Oman,621759.0
3,,132,Singapore,1416415.0
3,,133,Republic of Korea,41469170.0
3,,136,Thailand,99225548.0
3,,139,Yemen,266198.0
3,,141,Viet Nam,102484751.0
3,,142,China,70212254.0
3,,143,"Taiwan,China",50065484.0
3,,145,Kazakhstan,1624820.0
3,,223,Cote d'lvoire,551476.0
3,,230,Mauritania,9584217.0
3,,231,Mauritius,2674830.0
3,,234,Namibia,3298142.0
3,,240,Senegal,3760266.0
3,,303,United Kingdom,69906543.0
3,,304,Germany,5851988.0
3,,344,Russia,1087086668.0
3,,424,Guyana,1157886.0
3,,502,United States,622771837.0
3,,601,Australia,116132758.0
4,,112,Indonesia,40279581.0
4,,116,Japan,138951.0
4,,122,Malaysia,89138.0
4,,132,Singapore,1292634.0
4,,133,Republic of Korea,7056391.0
4,,136,Thailand,429627.0
4,,142,China,791367.0
4,,143,"Taiwan,China",3057848.0
4,,303,United Kingdom,19235524.0
4,,304,Germany,152181391.0
4,,344,Russia,505972.0
4,,502,United States,237577547.0
4,,601,Australia,159285080.0
5,,110,"Hong Kong,China",14025.0
5,,111,India,616212.0
5,,112,Indonesia,2547801.0
5,,116,Japan,8032261.0
5,,122,Malaysia,171169.0
5,,133,Republic of Korea,920364.0
5,,136,Thailand,3279229.0
5,,141,Viet Nam,306000.0
5,,142,China,1869205.0
5,,143,"Taiwan,China",27260341.0
5,,145,Kazakhstan,1148346.0
5,,206,Cameroon,36380.0
5,,303,United Kingdom,166765.0
5,,304,Germany,19848875.0
5,,344,Russia,5662203.0
5,,502,United States,64168092.0
5,,601,Australia,20382755.0
5,,701,Countries（Territories）Unknown,104.0
6,,111,India,270496.0
6,,112,Indonesia,588857.0
6,,116,Japan,54692305.0
6,,122,Malaysia,68429.0
6,,133,Republic of Korea,3047100.0
6,,136,Thailand,10204976.0
6,,141,Viet Nam,5777923.0
6,,143,"Taiwan,China",4124973.0
6,,217,Ethiopia,1038416.0
6,,223,Cote d'lvoire,3843.0
6,,249,Tunisia,408.0
6,,303,United Kingdom,62.0
6,,304,Germany,3591282.0
6,,440,El Salvador,13167.0
6,,502,United States,5054142.0
6,,601,Australia,180018.0
7,,111,India,24556391.0
7,,116,Japan,10546.0
7,,119,Lao,3716591.0
7,,122,Malaysia,26513.0
7,,135,Syria,10022.0
7,,136,Thailand,775659985.0
7,,141,Viet Nam,228333074.0
7,,142,China,128069.0
7,,143,"Taiwan,China",727151.0
7,,303,United Kingdom,3188792.0
7,,304,Germany,120886.0
7,,351,Croatia,23865.0
7,,358,Serbia,19857.0
7,,502,United States,18826593.0
7,,601,Australia,2021615.0
8,,111,India,12157905.0
8,,112,Indonesia,45881037.0
8,,113,Iran,425632.0
8,,122,Malaysia,12305752.0
8,,133,Republic of Korea,3866.0
8,,135,Syria,22117.0
8,,136,Thailand,359311522.0
8,,141,Viet Nam,479742157.0
8,,142,China,9945.0
8,,143,"Taiwan,China",106882046.0
8,,149,Uzbekistan,4314382.0
8,,304,Germany,1168.0
8,,344,Russia,13641656.0
8,,358,Serbia,328003.0
8,,502,United States,266607889.0
8,,601,Australia,306690230.0
9,,110,"Hong Kong,China",188090.0
9,,111,India,26553478.0
9,,112,Indonesia,9625578.0
9,,116,Japan,992363.0
9,,119,Lao,6930000.0
9,,122,Malaysia,27883823.0
9,,125,Nepal,4122.0
9,,132,Singapore,1217088.0
9,,133,Republic of Korea,1410362.0
9,,135,Syria,2765.0
9,,136,Thailand,23697.0
9,,141,Viet Nam,16182357.0
9,,142,China,28502472.0
9,,143,"Taiwan,China",16813566.0
9,,145,Kazakhstan,330958.0
9,,205,Burundi,3189060.0
9,,217,Ethiopia,5559322.0
9,,231,Mauritius,365348.0
9,,303,United Kingdom,5973766.0
9,,304,Germany,641914.0
9,,344,Russia,7438.0
9,,440,El Salvador,27382.0
9,,502,United States,8973908.0
9,,601,Australia,1042842.0
10,,116,Japan,393119.0
10,,119,Lao,14901445.0
10,,136,Thailand,495511431.0
10,,141,Viet Nam,828767623.0
10,,145,Kazakhstan,50127671.0
10,,304,Germany,8621221.0
10,,344,Russia,3359886.0
10,,502,United States,853612924.0
10,,601,Australia,1608809306.0
11,,111,India,83501.0
11,,116,Japan,2270241.0
11,,119,Lao,13406219.0
11,,122,Malaysia,243556.0
11,,132,Singapore,671.0
11,,133,Republic of Korea,878806.0
11,,136,Thailand,266129236.0
11,,141,Viet Nam,166615501.0
11,,143,"Taiwan,China",224444.0
11,,145,Kazakhstan,419936.0
11,,303,United Kingdom,170593.0
11,,304,Germany,7570960.0
11,,344,Russia,2449802.0
11,,502,United States,14284346.0
11,,601,Australia,1910976.0
12,,111,India,33742532.0
12,,112,Indonesia,71098781.0
12,,116,Japan,28233334.0
12,,119,Lao,13826066.0
12,,122,Malaysia,4348460.0
12,,133,Republic of Korea,50599083.0
12,,136,Thailand,20990550.0
12,,141,Viet Nam,998267.0
12,,142,China,2122730.0
12,,143,"Taiwan,China",717464.0
12,,145,Kazakhstan,18813741.0
12,,149,Uzbekistan,576510.0
12,,206,Cameroon,132275.0
12,,217,Ethiopia,177968243.0
12,,240,Senegal,213106221.0
12,,303,United Kingdom,69115.0
12,,304,Germany,13086414.0
12,,344,Russia,52970688.0
12,,351,Croatia,1032.0
12,,502,United States,5652665965.0
12,,601,Australia,58846632.0
13,,110,"Hong Kong,China",55397.0
13,,111,India,13647509.0
13,,112,Indonesia,15447912.0
13,,116,Japan,2489251.0
13,,122,Malaysia,763381.0
13,,132,Singapore,29084.0
13,,133,Republic of Korea,10088074.0
13,,142,China,6798.0
13,,143,"Taiwan,China",2802396.0
13,,217,Ethiopia,2402853.0
13,,303,United Kingdom,796272.0
13,,304,Germany,3027748.0
13,,502,United States,7978147.0
13,,601,Australia,97588.0
14,,111,India,40429570.0
14,,112,Indonesia,1607868.0
14,,116,Japan,193696.0
14,,122,Malaysia,37970210.0
14,,125,Nepal,25560.0
14,,132,Singapore,295584.0
14,,136,Thailand,221.0
14,,141,Viet Nam,2603225.0
14,,143,"Taiwan,China",327503.0
14,,145,Kazakhstan,260932.0
14,,148,Turkmenistan,1142264.0
14,,149,Uzbekistan,1634265.0
14,,206,Cameroon,83151.0
14,,217,Ethiopia,7.0
14,,502,United States,9980172.0
15,,110,"Hong Kong,China",3240206.0
15,,111,India,325533912.0
15,,112,Indonesia,2129389661.0
15,,116,Japan,2607156.0
15,,122,Malaysia,774240721.0
15,,132,Singapore,2578063.0
15,,133,Republic of Korea,2013863.0
15,,136,Thailand,11215283.0
15,,141,Viet Nam,1358779.0
15,,142,China,361701.0
15,,143,"Taiwan,China",3726144.0
15,,145,Kazakhstan,27732923.0
15,,249,Tunisia,1077724.0
15,,303,United Kingdom,15015033.0
15,,304,Germany,2199694.0
15,,344,Russia,109761679.0
15,,502,United States,228030149.0
15,,601,Australia,92081775.0
16,,110,"Hong Kong,China",544911.0
16,,111,India,1529770.0
16,,112,Indonesia,746125.0
16,,116,Japan,4049838.0
16,,122,Malaysia,573743.0
16,,133,Republic of Korea,7834376.0
16,,136,Thailand,12564581.0
16,,141,Viet Nam,3074467.0
16,,142,China,1418546.0
16,,143,"Taiwan,China",3154009.0
16,,240,Senegal,206017.0
16,,344,Russia,465549.0
16,,502,United States,4867772.0
17,,110,"Hong Kong,China",230928.0
17,,111,India,300317.0
17,,112,Indonesia,1389928.0
17,,113,Iran,132352.0
17,,116,Japan,8491683.0
17,,122,Malaysia,15682787.0
17,,132,Singapore,1562003.0
17,,133,Republic of Korea,75230710.0
17,,135,Syria,1728.0
17,,136,Thailand,45895136.0
17,,141,Viet Nam,6424878.0
17,,142,China,427069.0
17,,143,"Taiwan,China",13975692.0
17,,145,Kazakhstan,198770.0
17,,231,Mauritius,121642.0
17,,303,United Kingdom,422969.0
17,,304,Germany,12390694.0
17,,344,Russia,175756.0
17,,440,El Salvador,1965907.0
17,,502,United States,50398279.0
17,,601,Australia,103130827.0
18,,111,India,409118.0
18,,112,Indonesia,21877283.0
18,,113,Iran,20510.0
18,,116,Japan,2373720.0
18,,120,Lebanon,1139492.0
18,,122,Malaysia,35053968.0
18,,132,Singapore,22575301.0
18,,133,Republic of Korea,918643.0
18,,136,Thailand,600110.0
18,,141,Viet Nam,589681.0
18,,143,"Taiwan,China",619808.0
18,,145,Kazakhstan,2879239.0
18,,223,Cote d'lvoire,1216181.0
18,,303,United Kingdom,2492489.0
18,,304,Germany,4791168.0
18,,344,Russia,6641033.0
18,,502,United States,9588652.0
18,,601,Australia,2338126.0
19,,110,"Hong Kong,China",18857844.0
19,,111,India,53914.0
19,,112,Indonesia,102857202.0
19,,113,Iran,103658.0
19,,116,Japan,22793706.0
19,,120,Lebanon,12734.0
19,,122,Malaysia,66262447.0
19,,132,Singapore,65311198.0
19,,133,Republic of Korea,91637172.0
19,,135,Syria,12441.0
19,,136,Thailand,22723244.0
19,,141,Viet Nam,11687061.0
19,,142,China,3360575.0
19,,143,"Taiwan,China",58962333.0
19,,145,Kazakhstan,232347.0
19,,149,Uzbekistan,40362.0
19,,303,United Kingdom,17582767.0
19,,304,Germany,229984101.0
19,,344,Russia,2225556.0
19,,351,Croatia,324686.0
19,,358,Serbia,255252.0
19,,502,United States,54861446.0
19,,601,Australia,133794324.0
20,,110,"Hong Kong,China",2032577.0
20,,111,India,8237957.0
20,,112,Indonesia,5083327.0
20,,113,Iran,140423.0
20,,116,Japan,1503503.0
20,,120,Lebanon,16895.0
20,,122,Malaysia,8976646.0
20,,132,Singapore,1436092.0
20,,133,Republic of Korea,27462250.0
20,,135,Syria,110952.0
20,,136,Thailand,53666182.0
20,,141,Viet Nam,20425140.0
20,,142,China,2143831.0
20,,143,"Taiwan,China",8791132.0
20,,149,Uzbekistan,188349.0
20,,303,United Kingdom,7593489.0
20,,304,Germany,3983873.0
20,,358,Serbia,269588.0
20,,502,United States,155761655.0
20,,601,Australia,4846934.0
20,,701,Countries（Territories）Unknown,173.0
21,,110,"Hong Kong,China",28109308.0
21,,111,India,939119.0
21,,112,Indonesia,18478835.0
21,,116,Japan,37282937.0
21,,119,Lao,372226.0
21,,120,Lebanon,43964.0
21,,122,Malaysia,44004388.0
21,,132,Singapore,20998796.0
21,,133,Republic of Korea,36835367.0
21,,135,Syria,12441.0
21,,136,Thailand,80656302.0
21,,141,Viet Nam,27883737.0
21,,142,China,12851281.0
21,,143,"Taiwan,China",64032603.0
21,,249,Tunisia,25733.0
21,,303,United Kingdom,15986026.0
21,,304,Germany,65612069.0
21,,344,Russia,3522748.0
21,,351,Croatia,35214.0
21,,502,United States,196257398.0
21,,601,Australia,186644213.0
22,,110,"Hong Kong,China",24917536.0
22,,111,India,80742.0
22,,112,Indonesia,2911967.0
22,,113,Iran,16884.0
22,,116,Japan,28730809.0
22,,119,Lao,452609.0
22,,122,Malaysia,26532663.0
22,,132,Singapore,153158.0
22,,133,Republic of Korea,54963221.0
22,,135,Syria,9849.0
22,,136,Thailand,43243001.0
22,,141,Viet Nam,8896292.0
22,,142,China,30820908.0
22,,143,"Taiwan,China",46871620.0
22,,145,Kazakhstan,130044.0
22,,149,Uzbekistan,86129.0
22,,231,Mauritius,172062.0
22,,249,Tunisia,8610.0
22,,303,United Kingdom,76658882.0
22,,304,Germany,146691506.0
22,,337,Georgia,9152483.0
22,,338,Armenia,1031086.0
22,,344,Russia,11855735.0
22,,351,Croatia,447625.0
22,,358,Serbia,589868.0
22,,502,United States,54076988.0
22,,601,Australia,347681732.0
22,,701,Countries（Territories）Unknown,345.0
23,,110,"Hong Kong,China",131854.0
23,,111,India,21613025.0
23,,112,Indonesia,17817183.0
23,,116,Japan,1890521.0
23,,119,Lao,525904.0
23,,122,Malaysia,12384837.0
23,,132,Singapore,6290951.0
23,,133,Republic of Korea,2411039.0
23,,136,Thailand,57909247.0
23,,141,Viet Nam,101926679.0
23,,142,China,1582682.0
23,,143,"Taiwan,China",3349149.0
23,,145,Kazakhstan,1441055.0
23,,149,Uzbekistan,863951.0
23,,217,Ethiopia,444.0
23,,230,Mauritania,11855584.0
23,,231,Mauritius,2682769.0
23,,234,Namibia,10472063.0
23,,303,United Kingdom,10869.0
23,,304,Germany,9305572.0
23,,344,Russia,104189195.0
23,,502,United States,285849333.0
23,,601,Australia,7531712.0
24,,110,"Hong Kong,China",40219527.0
24,,111,India,324702.0
24,,112,Indonesia,3321812.0
24,,116,Japan,21409499.0
24,,119,Lao,4836802.0
24,,132,Singapore,50527913.0
24,,133,Republic of Korea,37745751.0
24,,141,Viet Nam,3675716.0
24,,142,China,45177036.0
24,,143,"Taiwan,China",12827787.0
24,,303,United Kingdom,3732604.0
24,,304,Germany,4185768.0
24,,358,Serbia,30189764.0
24,,502,United States,424281925.0
25,,111,India,574698169.0
25,,112,Indonesia,5124868.0
25,,113,Iran,135297490.0
25,,116,Japan,114819290.0
25,,119,Lao,234559.0
25,,122,Malaysia,1522293.0
25,,126,Oman,4067763.0
25,,132,Singapore,139612.0
25,,133,Republic of Korea,62919874.0
25,,136,Thailand,6356997.0
25,,139,Yemen,55042.0
25,,141,Viet Nam,21805371.0
25,,142,China,1107591.0
25,,143,"Taiwan,China",1958160.0
25,,145,Kazakhstan,5575340.0
25,,202,Angola,23480705.0
25,,221,Guinea,26879.0
25,,223,Cote d'lvoire,2196.0
25,,234,Namibia,7685921.0
25,,249,Tunisia,1968296.0
25,,303,United Kingdom,5837766.0
25,,304,Germany,9822595.0
25,,344,Russia,126875550.0
25,,351,Croatia,6535006.0
25,,424,Guyana,48371.0
25,,502,United States,172226582.0
25,,601,Australia,349604796.0
25,,701,Countries（Territories）Unknown,16011228.0
26,,102,Bahrain,764138.0
26,,111,India,2029970836.0
26,,112,Indonesia,79302560.0
26,,113,Iran,1436785686.0
26,,116,Japan,2232778.0
26,,119,Lao,37462618.0
26,,122,Malaysia,419143005.0
26,,126,Oman,51484118.0
26,,132,Singapore,2688601.0
26,,133,Republic of Korea,115141968.0
26,,136,Thailand,18830475.0
26,,141,Viet Nam,196065524.0
26,,142,China,36481.0
26,,143,"Taiwan,China",13894420.0
26,,145,Kazakhstan,665618805.0
26,,217,Ethiopia,198253.0
26,,218,Gabon,115264444.0
26,,221,Guinea,855433399.0
26,,223,Cote d'lvoire,24178524.0
26,,230,Mauritania,339330813.0
26,,234,Namibia,6240674.0
26,,240,Senegal,49473010.0
26,,242,Sierra Leone,143645966.0
26,,304,Germany,104091.0
26,,338,Armenia,224881278.0
26,,344,Russia,810718869.0
26,,358,Serbia,2455438.0
26,,502,United States,478878886.0
26,,601,Australia,29942425414.0
26,,607,New Caledonia,54743002.0
26,,701,Countries（Territories）Unknown,2566740.0
27,,102,Bahrain,8797896.0
27,,110,"Hong Kong,China",79483336.0
27,,111,India,242409106.0
27,,112,Indonesia,6067120486.0
27,,113,Iran,7016814258.0
27,,116,Japan,977423902.0
27,,119,Lao,2089215.0
27,,122,Malaysia,5730694166.0
27,,126,Oman,7922502334.0
27,,132,Singapore,3927317420.0
27,,133,Republic of Korea,4881859593.0
27,,136,Thailand,842519287.0
27,,139,Yemen,273425260.0
27,,141,Viet Nam,652765372.0
27,,142,China,1228712.0
27,,143,"Taiwan,China",407562559.0
27,,145,Kazakhstan,555669236.0
27,,148,Turkmenistan,4417955434.0
27,,202,Angola,12977049272.0
27,,218,Gabon,1411114365.0
27,,231,Mauritius,20950.0
27,,260,South Sudan,409244509.0
27,,303,United Kingdom,1568732829.0
27,,304,Germany,140095757.0
27,,324,Malta,45983440.0
27,,344,Russia,14679893674.0
27,,502,United States,4455284382.0
27,,601,Australia,10058449596.0
28,,102,Bahrain,90472.0
28,,110,"Hong Kong,China",34502533.0
28,,111,India,37011867.0
28,,112,Indonesia,149659981.0
28,,116,Japan,390962139.0
28,,119,Lao,5650151.0
28,,122,Malaysia,142365614.0
28,,132,Singapore,4644537.0
28,,133,Republic of Korea,838119766.0
28,,136,Thailand,13515939.0
28,,141,Viet Nam,200487811.0
28,,142,China,28829490.0
28,,143,"Taiwan,China",235728427.0
28,,145,Kazakhstan,878185357.0
28,,148,Turkmenistan,173548.0
28,,149,Uzbekistan,209182704.0
28,,234,Namibia,111953218.0
28,,249,Tunisia,45274575.0
28,,303,United Kingdom,15174126.0
28,,304,Germany,537490165.0
28,,324,Malta,17847.0
28,,344,Russia,75262059.0
28,,351,Croatia,2426.0
28,,502,United States,499942169.0
28,,601,Australia,486008588.0
29,,102,Bahrain,46813078.0
29,,110,"Hong Kong,China",101450.0
29,,111,India,643252557.0
29,,112,Indonesia,318841888.0
29,,113,Iran,766458427.0
29,,116,Japan,3861107802.0
29,,122,Malaysia,726888947.0
29,,126,Oman,270435557.0
29,,132,Singapore,1222013404.0
29,,133,Republic of Korea,7415198474.0
29,,136,Thailand,727354033.0
29,,141,Viet Nam,634458.0
29,,142,China,278152214.0
29,,143,"Taiwan,China",2664516394.0
29,,149,Uzbekistan,10023611.0
29,,303,United Kingdom,105929700.0
29,,304,Germany,487118940.0
29,,324,Malta,1246.0
29,,338,Armenia,4092.0
29,,344,Russia,64248757.0
29,,351,Croatia,6751435.0
29,,502,United States,2033006099.0
29,,601,Australia,3247173.0
29,,701,Countries（Territories）Unknown,2151619.0
30,,110,"Hong Kong,China",179572818.0
30,,111,India,19596550.0
30,,112,Indonesia,2186627.0
30,,116,Japan,611891542.0
30,,122,Malaysia,303.0
30,,125,Nepal,111930.0
30,,132,Singapore,29275863.0
30,,133,Republic of Korea,110870952.0
30,,136,Thailand,12219975.0
30,,141,Viet Nam,93067.0
30,,142,China,926547.0
30,,143,"Taiwan,China",94122482.0
30,,303,United Kingdom,452497321.0
30,,304,Germany,2808783621.0
30,,344,Russia,1049139.0
30,,351,Croatia,6682.0
30,,502,United States,1371269771.0
30,,601,Australia,434884245.0
30,,701,Countries（Territories）Unknown,21386.0
31,,111,India,567999.0
31,,116,Japan,6770549.0
31,,133,Republic of Korea,186829.0
31,,136,Thailand,1191.0
31,,141,Viet Nam,1027011.0
31,,142,China,204639.0
31,,143,"Taiwan,China",272797.0
31,,145,Kazakhstan,5394000.0
31,,303,United Kingdom,1243591.0
31,,304,Germany,29548619.0
31,,344,Russia,346043567.0
31,,502,United States,37161453.0
31,,601,Australia,1053708.0
32,,110,"Hong Kong,China",5807650.0
32,,111,India,108358139.0
32,,112,Indonesia,27675044.0
32,,113,Iran,266613.0
32,,116,Japan,575332557.0
32,,122,Malaysia,45929639.0
32,,132,Singapore,45322019.0
32,,133,Republic of Korea,280365585.0
32,,136,Thailand,41708073.0
32,,141,Viet Nam,2383856.0
32,,142,China,14520954.0
32,,143,"Taiwan,China",291712802.0
32,,145,Kazakhstan,1372624.0
32,,303,United Kingdom,52492492.0
32,,304,Germany,271104305.0
32,,338,Armenia,11202.0
32,,344,Russia,222183.0
32,,502,United States,275767323.0
32,,601,Australia,52908718.0
32,,701,Countries（Territories）Unknown,193.0
33,,110,"Hong Kong,China",34979663.0
33,,111,India,30050261.0
33,,112,Indonesia,10709491.0
33,,113,Iran,108143.0
33,,116,Japan,716943908.0
33,,122,Malaysia,2033675.0
33,,125,Nepal,29513.0
33,,132,Singapore,27095974.0
33,,133,Republic of Korea,670254875.0
33,,136,Thailand,42221386.0
33,,141,Viet Nam,9165221.0
33,,142,China,12973436.0
33,,143,"Taiwan,China",78033385.0
33,,212,Comoros,6737.0
33,,223,Cote d'lvoire,11197.0
33,,249,Tunisia,1483.0
33,,303,United Kingdom,165282506.0
33,,304,Germany,56210926.0
33,,344,Russia,230261.0
33,,351,Croatia,115994.0
33,,425,Haiti,165175.0
33,,440,El Salvador,29306.0
33,,502,United States,433671116.0
33,,601,Australia,58633121.0
33,,607,New Caledonia,14379.0
33,,701,Countries（Territories）Unknown,1693.0
34,,110,"Hong Kong,China",17226348.0
34,,111,India,15908396.0
34,,112,Indonesia,73954734.0
34,,113,Iran,1897879.0
34,,116,Japan,514211653.0
34,,122,Malaysia,81721488.0
34,,132,Singapore,70427980.0
34,,133,Republic of Korea,116661516.0
34,,135,Syria,54554.0
34,,136,Thailand,21692712.0
34,,141,Viet Nam,4365085.0
34,,142,China,9277244.0
34,,143,"Taiwan,China",82067655.0
34,,149,Uzbekistan,5683215.0
34,,303,United Kingdom,24184676.0
34,,304,Germany,406274462.0
34,,344,Russia,79643.0
34,,502,United States,481454407.0
34,,601,Australia,12950585.0
34,,701,Countries（Territories）Unknown,1516.0
35,,110,"Hong Kong,China",1187827.0
35,,111,India,3786045.0
35,,112,Indonesia,2230645.0
35,,116,Japan,443853515.0
35,,122,Malaysia,9500389.0
35,,132,Singapore,16966426.0
35,,133,Republic of Korea,175487424.0
35,,136,Thailand,60689403.0
35,,141,Viet Nam,22849938.0
35,,142,China,81862817.0
35,,143,"Taiwan,China",111752538.0
35,,303,United Kingdom,23314193.0
35,,304,Germany,153583773.0
35,,344,Russia,9963.0
35,,502,United States,247127284.0
35,,601,Australia,4179021.0
36,,110,"Hong Kong,China",2265.0
36,,116,Japan,5603511.0
36,,122,Malaysia,174516.0
36,,132,Singapore,4804693.0
36,,136,Thailand,28195753.0
36,,303,United Kingdom,1929.0
36,,304,Germany,9746451.0
36,,502,United States,30615246.0
36,,601,Australia,283490.0
37,,110,"Hong Kong,China",2201268.0
37,,116,Japan,595434146.0
37,,122,Malaysia,4305284.0
37,,132,Singapore,679234.0
37,,133,Republic of Korea,223887502.0
37,,136,Thailand,640160.0
37,,141,Viet Nam,22728.0
37,,142,China,17091262.0
37,,143,"Taiwan,China",102316460.0
37,,303,United Kingdom,2439395.0
37,,304,Germany,6882687.0
37,,502,United States,264497019.0
37,,701,Countries（Territories）Unknown,20701.0
38,,110,"Hong Kong,China",22659648.0
38,,111,India,91022072.0
38,,112,Indonesia,466322806.0
38,,113,Iran,451567.0
38,,116,Japan,1641731581.0
38,,122,Malaysia,349610208.0
38,,126,Oman,269549.0
38,,132,Singapore,512199807.0
38,,133,Republic of Korea,773993128.0
38,,136,Thailand,70258926.0
38,,141,Viet Nam,36711626.0
38,,142,China,118581996.0
38,,143,"Taiwan,China",644084378.0
38,,223,Cote d'lvoire,721758.0
38,,303,United Kingdom,111385172.0
38,,304,Germany,772687311.0
38,,338,Armenia,1014.0
38,,344,Russia,19020879.0
38,,502,United States,1551678073.0
38,,601,Australia,58639445.0
38,,701,Countries（Territories）Unknown,4510.0
39,,102,Bahrain,4474340.0
39,,110,"Hong Kong,China",620154966.0
39,,111,India,190034626.0
39,,112,Indonesia,158578515.0
39,,113,Iran,1386913741.0
39,,116,Japan,5061272212.0
39,,119,Lao,1943330.0
39,,120,Lebanon,401914.0
39,,122,Malaysia,658015473.0
39,,125,Nepal,31696.0
39,,126,Oman,8390642.0
39,,132,Singapore,1526239405.0
39,,133,Republic of Korea,5669107914.0
39,,136,Thailand,1505806848.0
39,,139,Yemen,12835376.0
39,,141,Viet Nam,185234393.0
39,,142,China,968951425.0
39,,143,"Taiwan,China",4395129294.0
39,,145,Kazakhstan,742.0
39,,149,Uzbekistan,84324582.0
39,,202,Angola,390.0
39,,217,Ethiopia,989173.0
39,,231,Mauritius,103878.0
39,,234,Namibia,36265.0
39,,249,Tunisia,1385586.0
39,,303,United Kingdom,257881217.0
39,,304,Germany,1584567356.0
39,,324,Malta,1562243.0
39,,337,Georgia,2706.0
39,,344,Russia,203605888.0
39,,351,Croatia,1356521.0
39,,358,Serbia,405618.0
39,,424,Guyana,62393.0
39,,425,Haiti,433488.0
39,,440,El Salvador,825103.0
39,,441,Suriname,180358.0
39,,502,United States,4353038503.0
39,,601,Australia,111146745.0
39,,607,New Caledonia,665.0
39,,701,Countries（Territories）Unknown,1424753.0
40,,110,"Hong Kong,China",8872200.0
40,,111,India,43282889.0
40,,112,Indonesia,1046530461.0
40,,113,Iran,13664112.0
40,,116,Japan,868838012.0
40,,119,Lao,106522556.0
40,,122,Malaysia,1373407913.0
40,,132,Singapore,237761943.0
40,,133,Republic of Korea,484786287.0
40,,136,Thailand,3951327707.0
40,,141,Viet Nam,498624991.0
40,,142,China,86014064.0
40,,143,"Taiwan,China",186501779.0
40,,206,Cameroon,1060368.0
40,,223,Cote d'lvoire,28441487.0
40,,225,Liberia,3142023.0
40,,234,Namibia,64113.0
40,,249,Tunisia,10675.0
40,,303,United Kingdom,110696462.0
40,,304,Germany,528415700.0
40,,324,Malta,3290411.0
40,,344,Russia,244240664.0
40,,351,Croatia,73809.0
40,,358,Serbia,1234493.0
40,,420,French Guiana,66843.0
40,,502,United States,697576760.0
40,,601,Australia,4058667.0
40,,701,Countries（Territories）Unknown,348827.0
41,,110,"Hong Kong,China",3726469.0
41,,111,India,167742509.0
41,,112,Indonesia,13980284.0
41,,113,Iran,2066870.0
41,,116,Japan,17048326.0
41,,122,Malaysia,784925.0
41,,125,Nepal,532026.0
41,,132,Singapore,3436125.0
41,,133,Republic of Korea,200466740.0
41,,136,Thailand,79468078.0
41,,139,Yemen,235696.0
41,,141,Viet Nam,122948039.0
41,,142,China,48287808.0
41,,143,"Taiwan,China",86715843.0
41,,145,Kazakhstan,6955369.0
41,,149,Uzbekistan,12026845.0
41,,217,Ethiopia,21582956.0
41,,231,Mauritius,8157.0
41,,234,Namibia,243600.0
41,,240,Senegal,673308.0
41,,243,Somalia,239162.0
41,,249,Tunisia,42280.0
41,,303,United Kingdom,48759796.0
41,,304,Germany,17365933.0
41,,344,Russia,9236250.0
41,,351,Croatia,2488976.0
41,,414,Dominica,821.0
41,,425,Haiti,307353.0
41,,502,United States,705786154.0
41,,601,Australia,313555467.0
42,,110,"Hong Kong,China",1966373.0
42,,111,India,16423219.0
42,,112,Indonesia,4946364.0
42,,116,Japan,7672474.0
42,,122,Malaysia,231251.0
42,,125,Nepal,38446.0
42,,132,Singapore,52118.0
42,,133,Republic of Korea,36717004.0
42,,136,Thailand,8611944.0
42,,141,Viet Nam,121096978.0
42,,142,China,193251537.0
42,,143,"Taiwan,China",4470130.0
42,,231,Mauritius,381333.0
42,,249,Tunisia,1154801.0
42,,303,United Kingdom,5709106.0
42,,304,Germany,19698938.0
42,,337,Georgia,7518.0
42,,351,Croatia,1943660.0
42,,414,Dominica,115292.0
42,,440,El Salvador,27519.0
42,,502,United States,7478413.0
42,,601,Australia,9952699.0
42,,701,Countries（Territories）Unknown,57.0
43,,110,"Hong Kong,China",3147875.0
43,,111,India,17031.0
43,,116,Japan,99071.0
43,,133,Republic of Korea,738097.0
43,,136,Thailand,65811258.0
43,,141,Viet Nam,70923159.0
43,,142,China,4870428.0
43,,145,Kazakhstan,264572.0
43,,234,Namibia,9194.0
43,,303,United Kingdom,173971.0
43,,304,Germany,1055786.0
43,,344,Russia,792268.0
43,,502,United States,83154409.0
43,,601,Australia,4133.0
44,,110,"Hong Kong,China",90516.0
44,,111,India,131784562.0
44,,112,Indonesia,511555338.0
44,,113,Iran,2080.0
44,,116,Japan,75670939.0
44,,119,Lao,142997758.0
44,,122,Malaysia,135908328.0
44,,125,Nepal,166270.0
44,,126,Oman,21.0
44,,132,Singapore,626924.0
44,,133,Republic of Korea,3227516.0
44,,135,Syria,6912.0
44,,136,Thailand,1063570621.0
44,,141,Viet Nam,547698485.0
44,,142,China,6598182.0
44,,143,"Taiwan,China",17764393.0
44,,145,Kazakhstan,229556.0
44,,202,Angola,14936355.0
44,,206,Cameroon,99114381.0
44,,218,Gabon,117229247.0
44,,221,Guinea,107325.0
44,,223,Cote d'lvoire,3085853.0
44,,225,Liberia,25420946.0
44,,231,Mauritius,35531.0
44,,249,Tunisia,587.0
44,,303,United Kingdom,771285.0
44,,304,Germany,187522474.0
44,,337,Georgia,186042.0
44,,344,Russia,2731959980.0
44,,351,Croatia,12452965.0
44,,358,Serbia,9214098.0
44,,424,Guyana,16113437.0
44,,440,El Salvador,663158.0
44,,441,Suriname,14314060.0
44,,502,United States,1580421930.0
44,,601,Australia,981801985.0
44,,701,Countries（Territories）Unknown,353.0
45,,116,Japan,212808.0
45,,132,Singapore,6808.0
45,,142,China,85429.0
45,,143,"Taiwan,China",1431.0
45,,303,United Kingdom,62595.0
45,,304,Germany,270.0
45,,502,United States,272643.0
46,,110,"Hong Kong,China",11549.0
46,,111,India,1123270.0
46,,112,Indonesia,816435.0
46,,116,Japan,44871.0
46,,133,Republic of Korea,320014.0
46,,136,Thailand,37885.0
46,,141,Viet Nam,3767425.0
46,,142,China,354407.0
46,,143,"Taiwan,China",202240.0
46,,304,Germany,48807.0
46,,502,United States,18066.0
47,,102,Bahrain,476804.0
47,,110,"Hong Kong,China",93116908.0
47,,112,Indonesia,1055259180.0
47,,116,Japan,548035306.0
47,,120,Lebanon,169410.0
47,,122,Malaysia,64296.0
47,,132,Singapore,13986178.0
47,,133,Republic of Korea,49842850.0
47,,136,Thailand,63998610.0
47,,139,Yemen,1252562.0
47,,142,China,477096.0
47,,143,"Taiwan,China",13105255.0
47,,303,United Kingdom,399424446.0
47,,304,Germany,99795171.0
47,,324,Malta,559364.0
47,,344,Russia,473647545.0
47,,351,Croatia,7386479.0
47,,440,El Salvador,1959062.0
47,,502,United States,2447100547.0
47,,601,Australia,94742904.0
47,,607,New Caledonia,488080.0
48,,102,Bahrain,4126.0
48,,110,"Hong Kong,China",20170254.0
48,,111,India,1974157.0
48,,112,Indonesia,136662175.0
48,,113,Iran,30084.0
48,,116,Japan,315783132.0
48,,122,Malaysia,9308070.0
48,,125,Nepal,8673.0
48,,126,Oman,247.0
48,,132,Singapore,7298381.0
48,,133,Republic of Korea,163907523.0
48,,136,Thailand,60598141.0
48,,141,Viet Nam,10806742.0
48,,142,China,101041586.0
48,,143,"Taiwan,China",165219842.0
48,,145,Kazakhstan,21432.0
48,,217,Ethiopia,10978.0
48,,231,Mauritius,1176.0
48,,249,Tunisia,629224.0
48,,303,United Kingdom,21133583.0
48,,304,Germany,139706009.0
48,,344,Russia,47969866.0
48,,351,Croatia,11670.0
48,,502,United States,464875850.0
48,,601,Australia,90221736.0
48,,701,Countries（Territories）Unknown,7687.0
49,,102,Bahrain,654.0
49,,110,"Hong Kong,China",47975216.0
49,,111,India,752171.0
49,,112,Indonesia,56510.0
49,,116,Japan,54748313.0
49,,120,Lebanon,28809.0
49,,122,Malaysia,8196984.0
49,,125,Nepal,23.0
49,,126,Oman,3801.0
49,,132,Singapore,187182021.0
49,,133,Republic of Korea,5165375.0
49,,136,Thailand,2407631.0
49,,141,Viet Nam,656745.0
49,,142,China,38167497.0
49,,143,"Taiwan,China",44863130.0
49,,303,United Kingdom,50759983.0
49,,304,Germany,36832669.0
49,,337,Georgia,5014.0
49,,344,Russia,1280061.0
49,,440,El Salvador,118693.0
49,,502,United States,193128542.0
49,,601,Australia,1096311.0
49,,701,Countries（Territories）Unknown,2360.0
50,,110,"Hong Kong,China",226931.0
50,,111,India,2034425.0
50,,116,Japan,2276563.0
50,,133,Republic of Korea,3650749.0
50,,136,Thailand,40486.0
50,,141,Viet Nam,606399.0
50,,142,China,6654887.0
50,,143,"Taiwan,China",11226.0
50,,149,Uzbekistan,1256393.0
50,,303,United Kingdom,90405.0
50,,304,Germany,147081.0
50,,502,United States,48573.0
51,,110,"Hong Kong,China",171646.0
51,,111,India,577959.0
51,,113,Iran,163176.0
51,,116,Japan,49192697.0
51,,132,Singapore,233070.0
51,,133,Republic of Korea,6663722.0
51,,136,Thailand,4311342.0
51,,141,Viet Nam,10171.0
51,,142,China,140470870.0
51,,143,"Taiwan,China",3101623.0
51,,145,Kazakhstan,3032091.0
51,,149,Uzbekistan,516595.0
51,,303,United Kingdom,29640705.0
51,,304,Germany,2596342.0
51,,344,Russia,392131.0
51,,502,United States,5282609.0
51,,601,Australia,1340123179.0
52,,102,Bahrain,5778792.0
52,,110,"Hong Kong,China",11923497.0
52,,111,India,520860199.0
52,,112,Indonesia,154364198.0
52,,116,Japan,88810593.0
52,,122,Malaysia,69415541.0
52,,125,Nepal,9208.0
52,,133,Republic of Korea,55100438.0
52,,135,Syria,479145.0
52,,136,Thailand,20962234.0
52,,141,Viet Nam,1120566229.0
52,,142,China,420118102.0
52,,143,"Taiwan,China",162203962.0
52,,148,Turkmenistan,1151983.0
52,,149,Uzbekistan,173901171.0
52,,206,Cameroon,7369608.0
52,,217,Ethiopia,1710633.0
52,,223,Cote d'lvoire,31746179.0
52,,249,Tunisia,207518.0
52,,303,United Kingdom,1795444.0
52,,304,Germany,784444.0
52,,344,Russia,2089463.0
52,,502,United States,1023843957.0
52,,601,Australia,31330324.0
53,,110,"Hong Kong,China",2395.0
53,,111,India,44322168.0
53,,112,Indonesia,3264584.0
53,,116,Japan,5452330.0
53,,122,Malaysia,1396569.0
53,,133,Republic of Korea,1491757.0
53,,136,Thailand,8300770.0
53,,141,Viet Nam,15965424.0
53,,142,China,4935781.0
53,,143,"Taiwan,China",327505.0
53,,303,United Kingdom,184468.0
53,,304,Germany,4395.0
53,,344,Russia,140322.0
53,,502,United States,93104.0
53,,601,Australia,23141.0
54,,110,"Hong Kong,China",3809969.0
54,,111,India,6019936.0
54,,112,Indonesia,19859421.0
54,,116,Japan,387159863.0
54,,119,Lao,8499.0
54,,122,Malaysia,3352676.0
54,,125,Nepal,25724.0
54,,132,Singapore,21942678.0
54,,133,Republic of Korea,264877075.0
54,,136,Thailand,64090537.0
54,,141,Viet Nam,67484838.0
54,,142,China,99285129.0
54,,143,"Taiwan,China",450119106.0
54,,303,United Kingdom,30961648.0
54,,304,Germany,34173731.0
54,,344,Russia,4037.0
54,,502,United States,67271691.0
54,,601,Australia,271305.0
54,,701,Countries（Territories）Unknown,244.0
55,,110,"Hong Kong,China",2097127.0
55,,111,India,22114619.0
55,,112,Indonesia,45987132.0
55,,116,Japan,296350439.0
55,,122,Malaysia,8647111.0
55,,125,Nepal,18600.0
55,,133,Republic of Korea,131692631.0
55,,136,Thailand,79661079.0
55,,141,Viet Nam,23796781.0
55,,142,China,121569906.0
55,,143,"Taiwan,China",120061809.0
55,,249,Tunisia,33006.0
55,,303,United Kingdom,17723707.0
55,,304,Germany,41099161.0
55,,502,United States,65646514.0
55,,601,Australia,99163.0
55,,701,Countries（Territories）Unknown,13169.0
56,,110,"Hong Kong,China",5095902.0
56,,111,India,993119.0
56,,112,Indonesia,5324005.0
56,,116,Japan,183794849.0
56,,122,Malaysia,20888121.0
56,,125,Nepal,68269.0
56,,132,Singapore,299496.0
56,,133,Republic of Korea,46942991.0
56,,136,Thailand,34694989.0
56,,141,Viet Nam,10065500.0
56,,142,China,36870053.0
56,,143,"Taiwan,China",75191680.0
56,,149,Uzbekistan,207900.0
56,,217,Ethiopia,311.0
56,,303,United Kingdom,7455937.0
56,,304,Germany,43935290.0
56,,344,Russia,2055.0
56,,502,United States,84075397.0
56,,601,Australia,682120.0
57,,110,"Hong Kong,China",29340.0
57,,111,India,8866411.0
57,,112,Indonesia,684486.0
57,,113,Iran,1089841.0
57,,116,Japan,5413925.0
57,,125,Nepal,1297791.0
57,,133,Republic of Korea,7998728.0
57,,136,Thailand,1025261.0
57,,141,Viet Nam,31039.0
57,,142,China,530415.0
57,,143,"Taiwan,China",1198338.0
57,,149,Uzbekistan,174278.0
57,,303,United Kingdom,1636903.0
57,,304,Germany,525249.0
57,,502,United States,12278521.0
57,,601,Australia,40973.0
58,,110,"Hong Kong,China",11955940.0
58,,111,India,1430111.0
58,,112,Indonesia,763883.0
58,,116,Japan,60024271.0
58,,122,Malaysia,94419.0
58,,125,Nepal,414.0
58,,132,Singapore,5669.0
58,,133,Republic of Korea,43579710.0
58,,136,Thailand,9510882.0
58,,141,Viet Nam,1610377.0
58,,142,China,79251539.0
58,,143,"Taiwan,China",47552992.0
58,,249,Tunisia,54863.0
58,,303,United Kingdom,1019371.0
58,,304,Germany,7469368.0
58,,351,Croatia,55973.0
58,,502,United States,9911408.0
58,,601,Australia,473951.0
59,,110,"Hong Kong,China",5575955.0
59,,111,India,15415381.0
59,,112,Indonesia,3136206.0
59,,116,Japan,157280918.0
59,,122,Malaysia,1791438.0
59,,132,Singapore,804610.0
59,,133,Republic of Korea,182055781.0
59,,136,Thailand,13739328.0
59,,141,Viet Nam,16563402.0
59,,142,China,66593981.0
59,,143,"Taiwan,China",221438743.0
59,,249,Tunisia,25523.0
59,,303,United Kingdom,13229791.0
59,,304,Germany,96730358.0
59,,344,Russia,258.0
59,,502,United States,56577363.0
59,,601,Australia,3086823.0
60,,110,"Hong Kong,China",25438803.0
60,,111,India,89315.0
60,,112,Indonesia,3578044.0
60,,116,Japan,135914628.0
60,,122,Malaysia,908144.0
60,,132,Singapore,11425.0
60,,133,Republic of Korea,153367243.0
60,,136,Thailand,14326305.0
60,,141,Viet Nam,109346793.0
60,,142,China,175723873.0
60,,143,"Taiwan,China",306772514.0
60,,303,United Kingdom,987513.0
60,,304,Germany,15668879.0
60,,440,El Salvador,13857.0
60,,502,United States,6990797.0
60,,601,Australia,1760803.0
61,,110,"Hong Kong,China",6402998.0
61,,111,India,19177407.0
61,,112,Indonesia,45155017.0
61,,116,Japan,20406836.0
61,,119,Lao,483137.0
61,,120,Lebanon,63396.0
61,,122,Malaysia,8364783.0
61,,125,Nepal,26426.0
61,,132,Singapore,93379.0
61,,133,Republic of Korea,31255387.0
61,,136,Thailand,28514764.0
61,,141,Viet Nam,208380495.0
61,,142,China,101438863.0
61,,143,"Taiwan,China",6749018.0
61,,145,Kazakhstan,2241.0
61,,217,Ethiopia,80818.0
61,,231,Mauritius,1992330.0
61,,249,Tunisia,3507853.0
61,,303,United Kingdom,2547568.0
61,,304,Germany,979937.0
61,,337,Georgia,23408.0
61,,344,Russia,41564.0
61,,351,Croatia,925455.0
61,,358,Serbia,232508.0
61,,414,Dominica,6977.0
61,,425,Haiti,361414.0
61,,440,El Salvador,266766.0
61,,502,United States,5255978.0
61,,601,Australia,150209.0
62,,110,"Hong Kong,China",1897667.0
62,,111,India,57066248.0
62,,112,Indonesia,54614520.0
62,,116,Japan,19269078.0
62,,120,Lebanon,102268.0
62,,122,Malaysia,5458548.0
62,,125,Nepal,191925.0
62,,132,Singapore,36993.0
62,,133,Republic of Korea,40421672.0
62,,136,Thailand,22473585.0
62,,141,Viet Nam,153938500.0
62,,142,China,128362945.0
62,,143,"Taiwan,China",9972754.0
62,,148,Turkmenistan,231.0
62,,217,Ethiopia,799022.0
62,,231,Mauritius,438728.0
62,,249,Tunisia,17757414.0
62,,303,United Kingdom,10134633.0
62,,304,Germany,1781480.0
62,,324,Malta,4050.0
62,,337,Georgia,187526.0
62,,338,Armenia,353354.0
62,,344,Russia,481004.0
62,,351,Croatia,825233.0
62,,358,Serbia,810975.0
62,,425,Haiti,1117780.0
62,,440,El Salvador,1595.0
62,,502,United States,9973227.0
62,,601,Australia,518395.0
63,,110,"Hong Kong,China",1260516.0
63,,111,India,18612315.0
63,,112,Indonesia,7515645.0
63,,113,Iran,3480.0
63,,116,Japan,20029314.0
63,,122,Malaysia,1072840.0
63,,125,Nepal,126264.0
63,,132,Singapore,2744437.0
63,,133,Republic of Korea,18913747.0
63,,136,Thailand,10025897.0
63,,141,Viet Nam,20886046.0
63,,142,China,27494074.0
63,,143,"Taiwan,China",14093486.0
63,,221,Guinea,13606.0
63,,231,Mauritius,19604.0
63,,234,Namibia,22707.0
63,,249,Tunisia,825009.0
63,,303,United Kingdom,2932885.0
63,,304,Germany,5428545.0
63,,344,Russia,617309.0
63,,502,United States,19986763.0
63,,601,Australia,263710.0
64,,110,"Hong Kong,China",4644174.0
64,,111,India,19254446.0
64,,112,Indonesia,209160928.0
64,,116,Japan,6134357.0
64,,119,Lao,136555.0
64,,122,Malaysia,205134.0
64,,125,Nepal,12209.0
64,,132,Singapore,10108.0
64,,133,Republic of Korea,27743080.0
64,,136,Thailand,25530844.0
64,,141,Viet Nam,514391240.0
64,,142,China,170202182.0
64,,143,"Taiwan,China",12204731.0
64,,145,Kazakhstan,1590.0
64,,217,Ethiopia,1146933.0
64,,249,Tunisia,172932.0
64,,303,United Kingdom,2122559.0
64,,304,Germany,3391016.0
64,,351,Croatia,188436.0
64,,358,Serbia,1225235.0
64,,414,Dominica,2255.0
64,,502,United States,65331784.0
64,,601,Australia,114096.0
65,,102,Bahrain,100078.0
65,,110,"Hong Kong,China",58443.0
65,,111,India,128278.0
65,,112,Indonesia,167475.0
65,,116,Japan,3455237.0
65,,122,Malaysia,324804.0
65,,125,Nepal,13744.0
65,,133,Republic of Korea,2662547.0
65,,136,Thailand,1163397.0
65,,141,Viet Nam,4773236.0
65,,142,China,6891061.0
65,,143,"Taiwan,China",1664635.0
65,,249,Tunisia,973.0
65,,303,United Kingdom,98384.0
65,,304,Germany,929140.0
65,,324,Malta,1159.0
65,,425,Haiti,11266.0
65,,502,United States,2826636.0
65,,601,Australia,10608.0
66,,110,"Hong Kong,China",58156.0
66,,111,India,328.0
66,,112,Indonesia,5658.0
66,,116,Japan,59337.0
66,,122,Malaysia,27806.0
66,,133,Republic of Korea,30003.0
66,,141,Viet Nam,73794.0
66,,142,China,2432258.0
66,,143,"Taiwan,China",2484129.0
66,,303,United Kingdom,81478.0
66,,304,Germany,316365.0
66,,502,United States,59465.0
66,,601,Australia,1509.0
67,,102,Bahrain,415.0
67,,110,"Hong Kong,China",1270305.0
67,,111,India,59741220.0
67,,112,Indonesia,383628.0
67,,116,Japan,18726980.0
67,,122,Malaysia,6591.0
67,,125,Nepal,3110.0
67,,133,Republic of Korea,6370224.0
67,,136,Thailand,77999.0
67,,141,Viet Nam,613235.0
67,,142,China,3148494.0
67,,143,"Taiwan,China",133837.0
67,,149,Uzbekistan,519814.0
67,,303,United Kingdom,7124.0
67,,304,Germany,794180.0
67,,502,United States,2768381.0
68,,110,"Hong Kong,China",609.0
68,,111,India,3290400.0
68,,112,Indonesia,1887620.0
68,,113,Iran,210927.0
68,,116,Japan,294750951.0
68,,122,Malaysia,11539047.0
68,,125,Nepal,18103.0
68,,126,Oman,232740.0
68,,132,Singapore,1270105.0
68,,133,Republic of Korea,138207922.0
68,,136,Thailand,9526113.0
68,,141,Viet Nam,2347034.0
68,,142,China,26608637.0
68,,143,"Taiwan,China",45791675.0
68,,234,Namibia,786389.0
68,,303,United Kingdom,22744862.0
68,,304,Germany,84807925.0
68,,344,Russia,1486719.0
68,,502,United States,155219028.0
68,,601,Australia,1117016.0
68,,701,Countries（Territories）Unknown,6737.0
69,,110,"Hong Kong,China",70924.0
69,,111,India,631524.0
69,,112,Indonesia,17581748.0
69,,116,Japan,139667161.0
69,,122,Malaysia,8786433.0
69,,125,Nepal,1091.0
69,,132,Singapore,12589505.0
69,,133,Republic of Korea,34319944.0
69,,136,Thailand,24689745.0
69,,141,Viet Nam,8160137.0
69,,142,China,16082230.0
69,,143,"Taiwan,China",19323175.0
69,,249,Tunisia,25303.0
69,,303,United Kingdom,4099512.0
69,,304,Germany,50246225.0
69,,337,Georgia,594.0
69,,351,Croatia,2276.0
69,,502,United States,56062605.0
69,,601,Australia,164466.0
70,,102,Bahrain,111979.0
70,,110,"Hong Kong,China",17516269.0
70,,111,India,21029158.0
70,,112,Indonesia,4070820.0
70,,116,Japan,762095420.0
70,,122,Malaysia,54237533.0
70,,132,Singapore,7901254.0
70,,133,Republic of Korea,812317184.0
70,,136,Thailand,52595854.0
70,,141,Viet Nam,23305382.0
70,,142,China,131716361.0
70,,143,"Taiwan,China",691458064.0
70,,217,Ethiopia,10384.0
70,,231,Mauritius,5439.0
70,,303,United Kingdom,19189393.0
70,,304,Germany,286371188.0
70,,324,Malta,10873.0
70,,337,Georgia,204.0
70,,344,Russia,463145.0
70,,351,Croatia,117494.0
70,,358,Serbia,1250670.0
70,,502,United States,472107645.0
70,,601,Australia,4186952.0
70,,701,Countries（Territories）Unknown,4156880.0
71,,110,"Hong Kong,China",508095716.0
71,,111,India,1410829999.0
71,,112,Indonesia,640873.0
71,,113,Iran,24426.0
71,,116,Japan,591498020.0
71,,120,Lebanon,461.0
71,,122,Malaysia,13893009.0
71,,125,Nepal,315215.0
71,,132,Singapore,2628061790.0
71,,133,Republic of Korea,58841554.0
71,,136,Thailand,158515424.0
71,,139,Yemen,13842.0
71,,141,Viet Nam,6870922.0
71,,142,China,964425981.0
71,,143,"Taiwan,China",105118895.0
71,,145,Kazakhstan,2912827.0
71,,149,Uzbekistan,2574.0
71,,202,Angola,108692036.0
71,,204,Botswana,27837212.0
71,,221,Guinea,1928.0
71,,242,Sierra Leone,1510052.0
71,,243,Somalia,31200.0
71,,303,United Kingdom,90759879.0
71,,304,Germany,126042606.0
71,,324,Malta,322.0
71,,338,Armenia,567568.0
71,,344,Russia,220299283.0
71,,358,Serbia,52047.0
71,,502,United States,3504680285.0
71,,601,Australia,8073431719.0
71,,701,Countries（Territories）Unknown,50337394.0
72,,110,"Hong Kong,China",10508384.0
72,,111,India,411961033.0
72,,112,Indonesia,584918150.0
72,,116,Japan,3520582544.0
72,,122,Malaysia,40903182.0
72,,126,Oman,28577132.0
72,,132,Singapore,21249726.0
72,,133,Republic of Korea,2124058329.0
72,,136,Thailand,10242075.0
72,,141,Viet Nam,7060373.0
72,,142,China,107077867.0
72,,143,"Taiwan,China",748308367.0
72,,145,Kazakhstan,668065787.0
72,,221,Guinea,3606.0
72,,225,Liberia,916553.0
72,,303,United Kingdom,39628494.0
72,,304,Germany,501443744.0
72,,344,Russia,8637772.0
72,,502,United States,264932428.0
72,,601,Australia,3562968.0
72,,607,New Caledonia,180466531.0
73,,110,"Hong Kong,China",6076398.0
73,,111,India,18212509.0
73,,112,Indonesia,7202654.0
73,,113,Iran,16932.0
73,,116,Japan,1269357476.0
73,,122,Malaysia,27587439.0
73,,126,Oman,9590.0
73,,132,Singapore,19697192.0
73,,133,Republic of Korea,573877721.0
73,,136,Thailand,65180847.0
73,,139,Yemen,160.0
73,,141,Viet Nam,31034799.0
73,,142,China,280108432.0
73,,143,"Taiwan,China",354058933.0
73,,145,Kazakhstan,48035.0
73,,225,Liberia,172788.0
73,,234,Namibia,92248.0
73,,242,Sierra Leone,3040.0
73,,249,Tunisia,15582.0
73,,303,United Kingdom,72063541.0
73,,304,Germany,860868166.0
73,,324,Malta,4089.0
73,,337,Georgia,2609.0
73,,338,Armenia,1165.0
73,,344,Russia,3639613.0
73,,351,Croatia,136339.0
73,,358,Serbia,30639.0
73,,440,El Salvador,25379.0
73,,441,Suriname,1835.0
73,,502,United States,605967087.0
73,,601,Australia,5399476.0
73,,701,Countries（Territories）Unknown,17231090.0
74,,102,Bahrain,1438498.0
74,,110,"Hong Kong,China",769615119.0
74,,111,India,932640640.0
74,,112,Indonesia,113840189.0
74,,113,Iran,52318073.0
74,,116,Japan,1569880939.0
74,,119,Lao,78508259.0
74,,120,Lebanon,5947359.0
74,,122,Malaysia,213598671.0
74,,125,Nepal,41124.0
74,,126,Oman,14368701.0
74,,132,Singapore,38852866.0
74,,133,Republic of Korea,849765263.0
74,,136,Thailand,322868882.0
74,,139,Yemen,6265746.0
74,,141,Viet Nam,65275834.0
74,,142,China,283315114.0
74,,143,"Taiwan,China",1185245038.0
74,,145,Kazakhstan,666641934.0
74,,149,Uzbekistan,98051895.0
74,,206,Cameroon,5412174.0
74,,218,Gabon,1807444.0
74,,234,Namibia,36004886.0
74,,242,Sierra Leone,92.0
74,,249,Tunisia,1864895.0
74,,303,United Kingdom,269244158.0
74,,304,Germany,458380583.0
74,,324,Malta,9239417.0
74,,337,Georgia,6678513.0
74,,344,Russia,188746264.0
74,,351,Croatia,18135.0
74,,358,Serbia,16605.0
74,,425,Haiti,1675356.0
74,,502,United States,755418380.0
74,,601,Australia,711753199.0
74,,701,Countries（Territories）Unknown,61962.0
75,,110,"Hong Kong,China",43775.0
75,,111,India,267817.0
75,,112,Indonesia,49533183.0
75,,116,Japan,78972780.0
75,,122,Malaysia,72338.0
75,,132,Singapore,969387.0
75,,133,Republic of Korea,7824136.0
75,,136,Thailand,29393.0
75,,141,Viet Nam,54510.0
75,,142,China,121151670.0
75,,143,"Taiwan,China",8180119.0
75,,303,United Kingdom,68973607.0
75,,304,Germany,42546870.0
75,,344,Russia,880463352.0
75,,502,United States,107773092.0
75,,601,Australia,158945473.0
75,,607,New Caledonia,174087289.0
75,,701,Countries（Territories）Unknown,185879.0
76,,102,Bahrain,3896921.0
76,,110,"Hong Kong,China",200551928.0
76,,111,India,1882419.0
76,,112,Indonesia,1615481.0
76,,113,Iran,16017825.0
76,,116,Japan,522281576.0
76,,122,Malaysia,205763291.0
76,,126,Oman,11609884.0
76,,132,Singapore,6534827.0
76,,133,Republic of Korea,335643912.0
76,,136,Thailand,195991149.0
76,,141,Viet Nam,5602272.0
76,,142,China,98959033.0
76,,143,"Taiwan,China",159589598.0
76,,145,Kazakhstan,212561.0
76,,217,Ethiopia,10317.0
76,,234,Namibia,50727.0
76,,303,United Kingdom,170858435.0
76,,304,Germany,176611388.0
76,,337,Georgia,27219.0
76,,344,Russia,37452186.0
76,,351,Croatia,10424.0
76,,502,United States,634859858.0
76,,601,Australia,199076141.0
76,,701,Countries（Territories）Unknown,474477.0
78,,116,Japan,2379724.0
78,,122,Malaysia,374120.0
78,,132,Singapore,1227069.0
78,,133,Republic of Korea,319051.0
78,,141,Viet Nam,3981990.0
78,,143,"Taiwan,China",701560.0
78,,145,Kazakhstan,59562750.0
78,,303,United Kingdom,388766.0
78,,304,Germany,1483948.0
78,,344,Russia,29345.0
78,,502,United States,2298502.0
78,,601,Australia,97818418.0
79,,110,"Hong Kong,China",1291037.0
79,,111,India,114776554.0
79,,113,Iran,1536451.0
79,,116,Japan,41295186.0
79,,120,Lebanon,286842.0
79,,122,Malaysia,92830.0
79,,132,Singapore,463919.0
79,,133,Republic of Korea,292384213.0
79,,136,Thailand,52483.0
79,,142,China,4216410.0
79,,143,"Taiwan,China",6906825.0
79,,145,Kazakhstan,92495640.0
79,,303,United Kingdom,87371.0
79,,304,Germany,6984669.0
79,,344,Russia,46286400.0
79,,502,United States,10961868.0
79,,601,Australia,369024656.0
80,,110,"Hong Kong,China",266875.0
80,,112,Indonesia,10995503.0
80,,116,Japan,20309010.0
80,,122,Malaysia,7993258.0
80,,132,Singapore,2410166.0
80,,133,Republic of Korea,12359932.0
80,,136,Thailand,2598977.0
80,,142,China,13808849.0
80,,143,"Taiwan,China",10487183.0
80,,303,United Kingdom,353394.0
80,,304,Germany,687172.0
80,,502,United States,2171775.0
81,,110,"Hong Kong,China",4729928.0
81,,111,India,1272548.0
81,,112,Indonesia,248814.0
81,,116,Japan,94157064.0
81,,119,Lao,2202809.0
81,,122,Malaysia,4192312.0
81,,132,Singapore,350380.0
81,,133,Republic of Korea,21562413.0
81,,136,Thailand,29513.0
81,,141,Viet Nam,691.0
81,,142,China,11825402.0
81,,143,"Taiwan,China",17096890.0
81,,145,Kazakhstan,1254928.0
81,,303,United Kingdom,3910753.0
81,,304,Germany,39910028.0
81,,344,Russia,16717555.0
81,,502,United States,148400584.0
81,,601,Australia,18200376.0
81,,607,New Caledonia,29192520.0
81,,701,Countries（Territories）Unknown,779199.0
82,,110,"Hong Kong,China",796358.0
82,,111,India,9115024.0
82,,112,Indonesia,2102296.0
82,,116,Japan,479614205.0
82,,122,Malaysia,3361372.0
82,,132,Singapore,1898603.0
82,,133,Republic of Korea,286941336.0
82,,135,Syria,2849.0
82,,136,Thailand,5499723.0
82,,141,Viet Nam,18977643.0
82,,142,China,64757158.0
82,,143,"Taiwan,China",161048586.0
82,,303,United Kingdom,12410858.0
82,,304,Germany,332556203.0
82,,337,Georgia,26600.0
82,,344,Russia,614905.0
82,,358,Serbia,651.0
82,,502,United States,144632794.0
82,,601,Australia,372131.0
82,,701,Countries（Territories）Unknown,61982.0
83,,110,"Hong Kong,China",3022717.0
83,,111,India,6878477.0
83,,112,Indonesia,553745.0
83,,116,Japan,112910247.0
83,,122,Malaysia,10696079.0
83,,125,Nepal,2169741.0
83,,132,Singapore,4646912.0
83,,133,Republic of Korea,93476996.0
83,,136,Thailand,10030506.0
83,,141,Viet Nam,6797730.0
83,,142,China,60405454.0
83,,143,"Taiwan,China",66792470.0
83,,145,Kazakhstan,1154.0
83,,234,Namibia,4013.0
83,,249,Tunisia,176.0
83,,303,United Kingdom,15770014.0
83,,304,Germany,169458565.0
83,,324,Malta,93555.0
83,,344,Russia,3746.0
83,,358,Serbia,1145.0
83,,502,United States,103739639.0
83,,601,Australia,1735094.0
83,,701,Countries（Territories）Unknown,72140.0
84,,102,Bahrain,25624.0
84,,110,"Hong Kong,China",87225040.0
84,,111,India,384602707.0
84,,112,Indonesia,128823645.0
84,,113,Iran,2786897.0
84,,116,Japan,19132240433.0
84,,122,Malaysia,1643141433.0
84,,132,Singapore,2403308006.0
84,,133,Republic of Korea,8770929098.0
84,,136,Thailand,3187011897.0
84,,141,Viet Nam,732211358.0
84,,142,China,10257853286.0
84,,143,"Taiwan,China",6008170710.0
84,,149,Uzbekistan,3761928.0
84,,217,Ethiopia,7903.0
84,,225,Liberia,519042.0
84,,234,Namibia,186421.0
84,,240,Senegal,2382.0
84,,242,Sierra Leone,8031.0
84,,249,Tunisia,3114531.0
84,,303,United Kingdom,1064678749.0
84,,304,Germany,9955576283.0
84,,324,Malta,948359.0
84,,337,Georgia,19598.0
84,,344,Russia,187075353.0
84,,351,Croatia,14553187.0
84,,358,Serbia,10874549.0
84,,414,Dominica,312.0
84,,420,French Guiana,8266.0
84,,424,Guyana,11301.0
84,,502,United States,8260886147.0
84,,601,Australia,120197688.0
84,,701,Countries（Territories）Unknown,1645580.0
85,,102,Bahrain,26688.0
85,,110,"Hong Kong,China",533284482.0
85,,111,India,292399561.0
85,,112,Indonesia,714016034.0
85,,113,Iran,8080.0
85,,116,Japan,22123712092.0
85,,119,Lao,5459528.0
85,,120,Lebanon,30217.0
85,,122,Malaysia,15980663857.0
85,,132,Singapore,4704106506.0
85,,133,Republic of Korea,41122026745.0
85,,136,Thailand,4586781345.0
85,,141,Viet Nam,7971198915.0
85,,142,China,44148558369.0
85,,143,"Taiwan,China",47021209372.0
85,,145,Kazakhstan,768130.0
85,,148,Turkmenistan,6537.0
85,,149,Uzbekistan,9010.0
85,,204,Botswana,222.0
85,,206,Cameroon,14065.0
85,,218,Gabon,158.0
85,,221,Guinea,334.0
85,,225,Liberia,31282.0
85,,231,Mauritius,6420.0
85,,234,Namibia,186587.0
85,,240,Senegal,8723.0
85,,242,Sierra Leone,59629.0
85,,243,Somalia,20177.0
85,,249,Tunisia,31708385.0
85,,303,United Kingdom,415037175.0
85,,304,Germany,6620270667.0
85,,324,Malta,178118222.0
85,,337,Georgia,214189.0
85,,338,Armenia,64300.0
85,,344,Russia,38944913.0
85,,351,Croatia,15432471.0
85,,358,Serbia,10487673.0
85,,414,Dominica,79372.0
85,,425,Haiti,83865.0
85,,428,Martinique,39.0
85,,437,Saint Lucia,19293.0
85,,440,El Salvador,34202789.0
85,,502,United States,8649721364.0
85,,601,Australia,172199740.0
85,,701,Countries（Territories）Unknown,1618754.0
86,,111,India,88463.0
86,,116,Japan,39982656.0
86,,122,Malaysia,695798.0
86,,133,Republic of Korea,10350413.0
86,,136,Thailand,289192.0
86,,142,China,1879103.0
86,,143,"Taiwan,China",1106473.0
86,,303,United Kingdom,5309804.0
86,,304,Germany,172645136.0
86,,502,United States,46354655.0
86,,601,Australia,1989536.0
87,,102,Bahrain,1695.0
87,,110,"Hong Kong,China",958523.0
87,,111,India,33265081.0
87,,112,Indonesia,86652847.0
87,,113,Iran,972604.0
87,,116,Japan,8837021972.0
87,,122,Malaysia,76103790.0
87,,132,Singapore,4998157.0
87,,133,Republic of Korea,1702674060.0
87,,136,Thailand,522898387.0
87,,141,Viet Nam,128050187.0
87,,142,China,57700252.0
87,,143,"Taiwan,China",269818091.0
87,,234,Namibia,979.0
87,,249,Tunisia,617212.0
87,,303,United Kingdom,4215722456.0
87,,304,Germany,11184601301.0
87,,324,Malta,4630.0
87,,344,Russia,11937423.0
87,,351,Croatia,479663.0
87,,358,Serbia,14161111.0
87,,440,El Salvador,9370.0
87,,502,United States,7226742863.0
87,,601,Australia,32284570.0
87,,701,Countries（Territories）Unknown,1073575.0
88,,110,"Hong Kong,China",696618.0
88,,111,India,39408.0
88,,116,Japan,4102599.0
88,,122,Malaysia,1453840.0
88,,132,Singapore,5967472.0
88,,133,Republic of Korea,22827691.0
88,,136,Thailand,13844.0
88,,142,China,16674506.0
88,,143,"Taiwan,China",874951.0
88,,234,Namibia,20952.0
88,,303,United Kingdom,191522013.0
88,,304,Germany,1853545474.0
88,,337,Georgia,33.0
88,,344,Russia,12295543.0
88,,502,United States,7752658719.0
88,,601,Australia,5892520.0
89,,110,"Hong Kong,China",129853.0
89,,116,Japan,156453913.0
89,,132,Singapore,4629807.0
89,,136,Thailand,926400.0
89,,142,China,3754643.0
89,,143,"Taiwan,China",6400.0
89,,303,United Kingdom,1589184.0
89,,304,Germany,58858340.0
89,,344,Russia,741384.0
89,,502,United States,24272828.0
89,,601,Australia,1284432.0
90,,110,"Hong Kong,China",219603998.0
90,,111,India,83270849.0
90,,112,Indonesia,86486554.0
90,,113,Iran,14696.0
90,,116,Japan,8839199594.0
90,,119,Lao,94027.0
90,,122,Malaysia,735783704.0
90,,125,Nepal,118601.0
90,,126,Oman,3286.0
90,,132,Singapore,847157150.0
90,,133,Republic of Korea,8377133884.0
90,,136,Thailand,1084045207.0
90,,141,Viet Nam,763043818.0
90,,142,China,4757140267.0
90,,143,"Taiwan,China",7609863217.0
90,,206,Cameroon,1029.0
90,,221,Guinea,1500.0
90,,225,Liberia,2073.0
90,,231,Mauritius,2143.0
90,,234,Namibia,22331.0
90,,249,Tunisia,4260358.0
90,,303,United Kingdom,707254828.0
90,,304,Germany,4489767842.0
90,,324,Malta,22203582.0
90,,337,Georgia,25055.0
90,,338,Armenia,51278.0
90,,344,Russia,96435064.0
90,,351,Croatia,972208.0
90,,358,Serbia,2175298.0
90,,502,United States,6000948500.0
90,,601,Australia,83383495.0
90,,701,Countries（Territories）Unknown,1762410.0
91,,110,"Hong Kong,China",13013544.0
91,,111,India,2233679.0
91,,112,Indonesia,73096.0
91,,116,Japan,238090667.0
91,,122,Malaysia,11980265.0
91,,132,Singapore,82156054.0
91,,133,Republic of Korea,2474174.0
91,,136,Thailand,36041983.0
91,,141,Viet Nam,4241475.0
91,,142,China,313344057.0
91,,143,"Taiwan,China",2471758.0
91,,231,Mauritius,17644.0
91,,249,Tunisia,278131.0
91,,303,United Kingdom,821200.0
91,,304,Germany,10579530.0
91,,324,Malta,2681.0
91,,502,United States,1860203.0
91,,601,Australia,117805.0
91,,701,Countries（Territories）Unknown,3499.0
92,,110,"Hong Kong,China",12019.0
92,,111,India,168023.0
92,,112,Indonesia,48053933.0
92,,116,Japan,63918254.0
92,,122,Malaysia,1416008.0
92,,125,Nepal,97538.0
92,,133,Republic of Korea,19238233.0
92,,136,Thailand,1182217.0
92,,141,Viet Nam,297165.0
92,,142,China,6541535.0
92,,143,"Taiwan,China",7867672.0
92,,206,Cameroon,55840.0
92,,303,United Kingdom,208876.0
92,,304,Germany,12840084.0
92,,502,United States,8673153.0
92,,601,Australia,7024.0
92,,701,Countries（Territories）Unknown,1538.0
93,,125,Nepal,20540.0
93,,143,"Taiwan,China",43579.0
93,,502,United States,29808.0
94,,110,"Hong Kong,China",1142424.0
94,,111,India,14278067.0
94,,112,Indonesia,23305771.0
94,,116,Japan,118465815.0
94,,119,Lao,3587301.0
94,,122,Malaysia,37686907.0
94,,125,Nepal,89574.0
94,,132,Singapore,840283.0
94,,133,Republic of Korea,61729532.0
94,,136,Thailand,66628186.0
94,,141,Viet Nam,143131807.0
94,,142,China,72176646.0
94,,143,"Taiwan,China",68126970.0
94,,145,Kazakhstan,156.0
94,,234,Namibia,186166.0
94,,242,Sierra Leone,235.0
94,,249,Tunisia,155861.0
94,,303,United Kingdom,54375351.0
94,,304,Germany,261965625.0
94,,344,Russia,2860856.0
94,,351,Croatia,380007.0
94,,358,Serbia,4515.0
94,,502,United States,143105947.0
94,,601,Australia,6349729.0
94,,701,Countries（Territories）Unknown,2075.0
95,,110,"Hong Kong,China",841772.0
95,,111,India,1914162.0
95,,112,Indonesia,13911364.0
95,,116,Japan,102069542.0
95,,119,Lao,386871.0
95,,122,Malaysia,20457263.0
95,,132,Singapore,48891.0
95,,133,Republic of Korea,15671610.0
95,,136,Thailand,28097366.0
95,,141,Viet Nam,33630457.0
95,,142,China,316116112.0
95,,143,"Taiwan,China",134352831.0
95,,249,Tunisia,262254.0
95,,303,United Kingdom,6908522.0
95,,304,Germany,13253081.0
95,,344,Russia,18306.0
95,,502,United States,119665043.0
95,,601,Australia,257811.0
96,,110,"Hong Kong,China",19341280.0
96,,111,India,3178531.0
96,,112,Indonesia,8704965.0
96,,116,Japan,921947933.0
96,,122,Malaysia,15044567.0
96,,125,Nepal,21335.0
96,,132,Singapore,1275244.0
96,,133,Republic of Korea,102936869.0
96,,136,Thailand,24782698.0
96,,141,Viet Nam,6735049.0
96,,142,China,75163480.0
96,,143,"Taiwan,China",56853382.0
96,,145,Kazakhstan,247.0
96,,231,Mauritius,613141.0
96,,234,Namibia,1104.0
96,,249,Tunisia,272800.0
96,,303,United Kingdom,6100720.0
96,,304,Germany,55209953.0
96,,344,Russia,6419.0
96,,351,Croatia,5822.0
96,,502,United States,54819574.0
96,,601,Australia,1141975.0
96,,701,Countries（Territories）Unknown,744.0
97,,110,"Hong Kong,China",1872998.0
97,,111,India,25740.0
97,,112,Indonesia,20790.0
97,,116,Japan,1600153.0
97,,122,Malaysia,61111.0
97,,125,Nepal,5550.0
97,,132,Singapore,43955.0
97,,133,Republic of Korea,150982.0
97,,141,Viet Nam,1386.0
97,,142,China,774082.0
97,,143,"Taiwan,China",192622.0
97,,231,Mauritius,2765.0
97,,234,Namibia,11875.0
97,,303,United Kingdom,1917178.0
97,,304,Germany,6901782.0
97,,502,United States,1601901.0
98,,102,Bahrain,40611.0
98,,104,Bhutan,14.0
98,,110,"Hong Kong,China",160735065.0
98,,111,India,5250774.0
98,,112,Indonesia,4721768.0
98,,113,Iran,48395.0
98,,116,Japan,153680538.0
98,,119,Lao,316244173.0
98,,120,Lebanon,67663.0
98,,122,Malaysia,6207382.0
98,,125,Nepal,351296.0
98,,126,Oman,36209.0
98,,132,Singapore,5797429.0
98,,133,Republic of Korea,107049880.0
98,,135,Syria,9926.0
98,,136,Thailand,7763079.0
98,,139,Yemen,16468.0
98,,141,Viet Nam,5540148618.0
98,,142,China,62313028.0
98,,143,"Taiwan,China",95058410.0
98,,145,Kazakhstan,1725592.0
98,,148,Turkmenistan,427.0
98,,149,Uzbekistan,17765.0
98,,202,Angola,15434.0
98,,204,Botswana,5915.0
98,,205,Burundi,948.0
98,,206,Cameroon,7362.0
98,,210,Ceuta,160.0
98,,212,Comoros,672.0
98,,217,Ethiopia,39479.0
98,,218,Gabon,5089.0
98,,221,Guinea,5639.0
98,,223,Cote d'lvoire,13413.0
98,,225,Liberia,1629.0
98,,230,Mauritania,1997.0
98,,231,Mauritius,380124.0
98,,234,Namibia,2883.0
98,,237,Réunion,2958.0
98,,240,Senegal,6328.0
98,,242,Sierra Leone,849.0
98,,243,Somalia,2744.0
98,,245,Western Sahara,746.0
98,,249,Tunisia,150136.0
98,,256,Melilla,560.0
98,,259,Mayotte,447.0
98,,260,South Sudan,518.0
98,,303,United Kingdom,54810412.0
98,,304,Germany,112998415.0
98,,324,Malta,33428.0
98,,337,Georgia,28313.0
98,,338,Armenia,2725.0
98,,344,Russia,69098369.0
98,,351,Croatia,487575.0
98,,358,Serbia,89498.0
98,,399,Other European Territories,2548.0
98,,401,Antigua & Barbuda,7.0
98,,403,Aruba,710.0
98,,414,Dominica,4749.0
98,,417,Curacao,1540.0
98,,421,Grenada,274.0
98,,424,Guyana,6527.0
98,,425,Haiti,18736.0
98,,428,Martinique,1239.0
98,,437,Saint Lucia,2354.0
98,,440,El Salvador,39602.0
98,,441,Suriname,1168.0
98,,502,United States,354548074.0
98,,601,Australia,58810721.0
98,,607,New Caledonia,5982.0
98,,618,Kiribati,462.0
98,,701,Countries（Territories）Unknown,341.0
